scene,split,furnished,navmesh_quality,large_holes,portals_blocked,low_interactive_potential,doors_scanned_closed,unfurnished,num_floors,overall_scene_quality,diversity,num_rooms,navigable_area,navigation_complexity,scene_clutter,floor_space
kfPV7w3FaU5,train,True,0,0,0,0.0,0.0,0.0,2,2.0,1,11,43.52,5.74,5.78,131.77
UVdNNRcVyV1,train,True,1,1,1,0.0,1.0,0.0,2,0.0,1,27,209.55,11.71,4.26,1112.76
FxCkHAfgh7A,train,True,0,0,0,1.0,0.0,0.0,2,1.0,1,8,113.41,21.5,3.28,250.24
NtVbfPCkBFy,train,True,0,0,0,0.0,0.0,0.0,3,2.0,1,22,217.33,32.08,3.84,798.37
VqCaAuuoeWk,train,True,0,0,0,0.0,0.0,0.0,2,2.0,1,9,117.01,18.1,3.41,268.3
yPKGKBCyYx8,train,True,0,0,0,0.0,0.0,0.0,1,2.0,1,6,77.96,9.62,3.14,382.02
HkseAnWCgqk,train,True,0,0,0,0.0,0.0,0.0,2,2.0,1,5,89.36,3.46,3.63,183.36
UQuchpekHRJ,train,True,1,0,0,0.0,0.0,0.0,2,1.0,1,8,100.14,9.03,2.88,277.67
VYnUX657cVo,train,True,0,0,0,0.0,0.0,0.0,3,2.0,1,18,267.54,12.7,3.13,1017.69
vLpv2VX547B,train,True,0,1,0,0.0,0.0,0.0,2,2.0,1,18,95.39,10.81,4.47,410.18
DBjEcHFg4oq,train,True,0,0,0,0.0,0.0,0.0,1,2.0,1,9,98.38,10.37,3.23,251.65
1W61QJVDBqe,train,True,1,1,0,0.0,1.0,0.0,3,1.0,1,11,284.34,18.98,2.72,494.98
kDgLKdMd5X8,train,True,0,2,0,0.0,0.0,0.0,2,1.0,1,14,125.48,14.84,3.77,298.65
sfbj7jspYWj,train,True,0,0,0,0.0,0.0,0.0,1,2.0,1,6,66.11,15.84,2.97,194.27
nYYcLpSzihC,train,True,0,0,0,0.0,0.0,0.0,1,2.0,4,6,236.69,17.28,3.26,1276.36
LPwS1aEGXBb,train,True,0,0,0,0.0,,0.0,2,2.0,1,19,190.72,7.64,3.91,612.8
qk9eeNeR4vw,train,True,0,1,1,0.0,0.0,0.0,1,1.0,1,10,92.8,11.74,3.21,202.77
oEPjPNSPmzL,train,True,0,0,0,0.0,0.0,0.0,1,2.0,1,6,43.57,5.45,3.09,212.73
as8Y8AYx6yW,train,True,0,1,1,0.0,0.0,0.0,3,1.0,1,19,255.6,8.27,3.76,656.76
AfKhsVmG8L4,train,True,0,1,0,0.0,0.0,0.0,2,1.0,1,10,86.39,10.25,4.59,196.13
XYyR54sxe6b,train,True,0,1,0,0.0,1.0,0.0,2,1.0,1,9,45.38,17.51,5.38,126.77
yQESfVcg18k,train,True,0,0,0,1.0,0.0,0.0,3,1.0,1,16,150.4,14.2,3.09,732.53
gmuS7Wgsbrx,train,True,0,0,0,0.0,0.0,0.0,2,2.0,1,15,323.92,24.54,2.62,951.03
zepmXAdrpjR,train,True,1,1,0,0.0,1.0,0.0,1,2.0,1,8,78.73,15.6,3.01,187.66
XNoaAZwsWKk,train,True,0,0,1,0.0,1.0,0.0,2,1.0,3,14,176.6,5.29,3.19,280.14
ixTj1aTMup2,train,True,0,0,0,0.0,0.0,0.0,3,2.0,1,15,117.65,15.04,4.29,315.69
tzaZQQmUVXZ,train,True,0,1,0,0.0,0.0,0.0,2,1.0,1,9,46.44,9.45,4.06,97.46
cVppJowrUqs,train,True,0,0,0,0.0,0.0,0.0,1,2.0,1,11,55.29,9.04,3.85,292.69
xGnehmjiCSA,train,True,0,1,0,0.0,0.0,0.0,1,1.0,1,11,121.01,13.42,3.15,245.5
4wCTuaUNWEd,train,True,0,1,0,0.0,0.0,0.0,2,1.0,1,8,57.77,8.03,3.67,194.14
LPEMkRVudUm,train,True,0,1,0,0.0,0.0,0.0,1,1.0,1,13,48.3,26.25,4.43,170.4
Wo6kuutE9i7,train,True,0,0,0,0.0,0.0,0.0,1,2.0,2,6,51.0,9.23,3.75,120.95
jTTGECZYKRA,train,True,0,1,1,0.0,0.0,0.0,2,1.0,1,13,154.04,22.69,3.35,335.48
oPj9qMxrDEa,train,True,0,0,0,0.0,0.0,0.0,1,2.0,1,7,77.51,21.53,3.33,163.75
6imZUJGRUq4,train,True,1,0,0,0.0,1.0,0.0,2,1.0,1,9,190.79,23.12,3.43,645.02
3XYAD64HpDr,train,True,0,1,0,0.0,0.0,0.0,3,2.0,1,11,59.7,2.86,5.91,142.52
41FNXLAZZgC,train,True,0,0,0,0.0,0.0,0.0,1,2.0,1,7,42.9,13.44,4.19,115.7
oKFJo8jpzRW,train,True,0,0,0,0.0,1.0,0.0,2,2.0,1,13,98.87,13.82,4.31,229.52
aJg466zMSNt,train,True,0,1,1,0.0,0.0,0.0,2,1.0,1,11,93.76,8.26,3.54,316.21
ANmWrL7Kz7h,train,True,0,0,0,0.0,0.0,0.0,3,2.0,1,14,153.27,25.31,3.89,368.88
ZB8o8rMmPdB,train,True,0,2,0,0.0,0.0,0.0,3,0.0,1,19,193.92,19.35,4.2,434.56
QKfBMSSy7Hy,train,True,0,1,0,0.0,1.0,0.0,3,1.0,1,15,224.3,13.08,3.15,380.47
qDjhFcNqFPi,train,True,0,1,0,0.0,0.0,0.0,2,1.0,1,11,74.37,20.16,4.63,175.73
Jfyvj3xn2aJ,train,True,0,1,0,0.0,0.0,0.0,2,2.0,1,14,79.17,12.3,5.88,293.19
kuxpR2xHUBa,train,True,0,1,0,0.0,0.0,0.0,2,1.0,1,5,41.95,8.18,4.01,222.4
mt5PhMmTk5m,train,True,0,0,0,0.0,0.0,0.0,3,2.0,1,16,83.38,7.9,6.44,241.01
UQ5EhY5wve1,train,True,0,1,0,0.0,0.0,0.0,2,1.0,1,19,254.69,11.78,3.08,505.72
u9LiqMn6kA6,train,True,0,0,0,0.0,0.0,0.0,1,2.0,1,10,193.33,18.53,3.34,959.42
aKwZ7VJDAjr,train,True,0,0,0,0.0,0.0,0.0,1,2.0,1,8,61.25,16.81,4.02,295.53
e3YKRHQRPNe,train,True,0,1,0,0.0,0.0,0.0,1,1.0,1,10,61.37,14.04,3.68,326.95
wrq3kiEU4VR,train,True,0,1,0,0.0,0.0,0.0,2,1.0,1,21,234.92,18.68,3.9,1247.0
CETmJJqkhcK,train,True,0,0,0,0.0,0.0,0.0,1,2.0,1,6,45.34,16.23,3.61,122.12
H1D2FZ8TAv1,train,True,0,0,0,0.0,0.0,0.0,3,2.0,1,15,87.7,7.92,4.18,205.21
kAMF2R7PCqX,train,True,0,0,0,0.0,0.0,0.0,2,2.0,1,21,179.34,12.52,4.34,813.79
6BReaxZUoMg,train,True,0,0,0,1.0,0.0,0.0,1,1.0,1,9,68.95,22.74,3.64,283.75
HxmXPBbFCkH,train,True,0,1,0,0.0,1.0,0.0,3,1.0,1,10,73.17,13.5,5.0,228.99
kdw2Uapns3b,train,True,1,0,1,0.0,1.0,0.0,3,2.0,1,19,163.44,9.97,5.06,415.78
1UnKg1rAb8A,train,True,0,0,0,0.0,0.0,0.0,2,2.0,1,7,50.67,5.46,3.71,142.14
1hovphK64XQ,train,True,0,0,0,0.0,0.0,0.0,1,2.0,1,7,52.82,11.46,4.06,438.4
kJxT5qssH4H,train,True,0,1,0,0.0,0.0,0.0,2,1.0,1,5,57.04,7.04,3.68,185.94
TgWKHxhJAng,train,True,0,0,1,0.0,0.0,0.0,3,2.0,1,12,141.5,6.21,4.63,330.19
duthTPisf28,train,True,0,1,0,0.0,0.0,0.0,2,2.0,1,13,129.04,12.49,3.51,480.14
ACZZiU6BXLz,train,True,0,1,0,0.0,0.0,0.0,2,2.0,1,9,60.82,16.2,4.6,257.34
KsD3yx9nZCv,train,True,0,0,0,0.0,0.0,0.0,2,2.0,4,6,130.11,6.42,4.01,1110.18
gQgtJ9Stk5s,train,True,0,1,1,0.0,0.0,0.0,3,2.0,1,15,125.93,9.94,4.72,631.15
kZhZfAhdnNN,train,True,0,1,0,0.0,1.0,0.0,2,1.0,1,9,73.66,12.75,4.44,152.58
nHHVbEyHX3t,train,True,0,1,0,0.0,0.0,0.0,1,2.0,1,7,59.82,6.63,3.41,161.05
osQy15y8EVT,train,True,0,0,0,0.0,1.0,0.0,1,2.0,2,9,82.4,37.93,3.53,316.0
812QqCky3T7,train,True,1,1,0,0.0,0.0,0.0,1,2.0,1,27,239.93,13.66,3.35,1270.54
Y8Y6ukxGMvn,train,True,0,0,0,0.0,0.0,0.0,1,2.0,1,7,94.45,9.83,3.1,206.42
w7QyjJ3H9Bp,train,True,0,0,0,0.0,0.0,0.0,2,2.0,1,9,68.39,8.26,3.44,126.02
GCEb4nmNi7j,train,True,0,0,0,0.0,0.0,0.0,1,2.0,3,11,173.58,14.9,3.6,895.24
t8wCA6Qe8uT,train,True,0,0,0,0.0,0.0,0.0,2,2.0,1,11,91.18,9.51,3.65,383.64
bCFcvb4zc3N,train,True,0,0,1,0.0,0.0,0.0,3,1.0,1,14,104.7,20.71,5.08,284.14
kHvNo8x6Qoe,train,True,0,0,0,0.0,0.0,0.0,3,2.0,1,11,54.36,20.87,6.58,163.97
u3zrj4Nojev,train,True,0,0,0,0.0,0.0,0.0,1,2.0,1,10,92.49,7.73,3.52,467.03
fJ1GEE6PdHD,train,True,0,0,1,0.0,1.0,0.0,2,1.0,1,7,107.09,16.39,3.38,426.45
z9VLaZqCsW5,train,True,0,0,0,0.0,0.0,0.0,3,2.0,1,9,70.14,8.07,3.67,199.04
nJTPfwbAj4S,train,True,0,1,0,0.0,0.0,0.0,3,1.0,1,14,190.96,7.51,3.92,601.15
2ihrkjrbHVf,train,True,0,0,0,0.0,0.0,0.0,1,2.0,1,10,104.66,19.16,3.5,451.39
gPf8XzHACGn,train,True,1,1,0,0.0,0.0,0.0,1,1.0,4,8,114.37,10.57,3.57,348.94
5biL7VEkByM,train,True,0,0,0,0.0,0.0,0.0,3,2.0,1,19,223.42,13.31,3.75,496.99
y4YiUQwvWGH,train,True,0,1,1,0.0,0.0,0.0,1,2.0,4,3,93.58,8.44,3.78,277.0
16tymPtM7uS,train,True,1,0,0,0.0,0.0,0.0,2,2.0,1,20,178.53,12.99,4.9,971.2
CtZLhCbWFm7,train,True,0,1,0,0.0,0.0,0.0,1,2.0,1,6,47.36,7.24,3.69,289.6
KWoYKrff5L4,train,True,0,0,2,0.0,0.0,0.0,3,0.0,1,10,65.99,7.39,4.82,238.37
315QujoX279,train,True,0,1,0,0.0,0.0,0.0,2,2.0,1,8,89.56,21.79,3.32,224.5
YY8rqV6L6rf,train,True,0,1,0,0.0,0.0,0.0,1,2.0,1,10,57.53,6.6,4.3,372.75
z9w4aD7JsiQ,train,True,0,0,0,1.0,0.0,0.0,1,2.0,1,6,46.53,14.44,3.39,133.52
Am8wmPcBmtN,train,True,0,1,0,0.0,0.0,0.0,1,2.0,1,6,39.31,14.62,4.48,203.66
C8VQQtzUoqV,train,True,0,0,0,0.0,0.0,0.0,1,2.0,1,6,55.55,11.74,2.88,113.64
SA759ShSs44,train,True,0,1,0,0.0,0.0,0.0,1,1.0,1,6,42.31,7.45,4.31,253.49
1mCzDx3EMom,train,True,0,1,0,1.0,0.0,0.0,1,2.0,4,1,75.92,5.71,3.17,218.95
HneuS3CYDFG,train,True,0,1,0,0.0,0.0,0.0,2,1.0,1,10,88.21,10.06,3.63,246.1
WT4QWwXrMzs,train,True,0,1,0,0.0,0.0,0.0,3,2.0,1,9,82.73,6.14,4.97,220.75
HsYeeztxPG6,train,True,0,1,0,0.0,0.0,0.0,3,1.0,1,9,81.19,7.15,3.76,179.01
6HRFAUDqpTb,train,True,0,1,0,0.0,0.0,0.0,2,1.0,1,11,90.9,6.0,4.73,557.9
rPwrKEnR3fk,train,True,0,0,0,0.0,0.0,0.0,1,2.0,1,8,54.84,11.69,3.98,136.35
MVStfLiYYQv,train,True,0,1,0,0.0,0.0,1.0,3,2.0,1,14,102.69,10.65,3.13,207.67
226REUyJh2K,train,True,0,0,0,0.0,0.0,0.0,1,2.0,1,7,176.62,8.32,2.97,420.58
y3K5dmhuukt,train,True,0,1,0,0.0,0.0,0.0,2,2.0,1,8,74.17,7.2,3.77,169.7
n8AnEznQQpv,train,True,1,0,0,0.0,0.0,0.0,2,1.0,1,7,58.32,8.7,5.54,149.83
r77mpaAYUEc,train,True,0,0,0,0.0,0.0,0.0,4,2.0,1,14,158.28,12.3,3.84,1073.04
gUqgeUmUagL,train,True,1,1,0,0.0,0.0,0.0,2,2.0,1,18,245.43,47.59,3.33,737.17
KJxdMPgweZG,train,True,0,1,0,0.0,0.0,0.0,2,1.0,1,13,116.0,19.91,4.13,264.65
xWvSkKiWQpC,train,True,0,0,0,0.0,0.0,0.0,1,2.0,2,4,94.28,15.16,3.37,451.53
ZVScmfktNQ1,train,True,0,0,0,0.0,1.0,0.0,1,2.0,1,7,91.44,7.81,3.23,208.62
Y6WjWkVEUks,train,True,0,0,0,0.0,0.0,0.0,1,2.0,1,12,131.27,13.39,2.91,300.6
oStKKWkQ1id,train,True,0,1,0,0.0,0.0,0.0,1,2.0,1,6,86.31,20.74,3.16,211.01
GTV2Y73Sn5t,train,True,0,0,0,0.0,0.0,0.0,2,2.0,1,12,76.17,15.3,5.17,266.42
ikChNYDHtRf,train,True,0,0,0,1.0,1.0,0.0,1,1.0,1,7,86.62,29.37,3.32,250.29
AMEM2eWycTq,train,True,0,0,0,0.0,0.0,0.0,1,2.0,2,1,112.26,25.16,3.35,241.73
r38SGhq8aJr,train,True,0,0,0,0.0,0.0,0.0,2,2.0,3,3,63.5,19.78,4.78,207.26
3goH1WRaCYC,train,True,0,1,0,0.0,0.0,0.0,1,1.0,1,9,138.31,12.89,2.96,580.12
Coer9RdivP7,train,True,0,0,0,0.0,0.0,0.0,2,2.0,5,3,116.34,16.0,2.68,365.23
NBWrHFXBF5p,train,True,1,0,0,0.0,0.0,0.0,1,1.0,4,7,190.67,8.09,2.95,811.5
xp4FyfQ6Wr5,train,True,0,0,0,0.0,0.0,0.0,1,2.0,1,11,78.33,6.8,4.13,462.48
2NwLiyeKcrK,train,True,0,1,0,0.0,1.0,0.0,3,0.0,3,12,134.44,7.86,4.09,1076.88
F5j7ZLfMm1n,train,True,0,0,0,0.0,0.0,0.0,1,2.0,1,7,71.51,12.58,3.22,159.27
k17yptqNRAn,train,True,0,1,0,0.0,0.0,0.0,2,2.0,1,14,97.58,7.62,4.87,334.92
eAUmfFLZDR3,train,True,0,1,0,0.0,1.0,0.0,3,1.0,1,19,249.46,10.1,3.61,910.44
D2PqRE5ZvyQ,train,True,0,1,0,0.0,0.0,0.0,2,1.0,1,10,124.51,20.88,3.59,371.73
QDtpZSqaeyW,train,True,1,1,1,1.0,0.0,0.0,2,1.0,1,14,171.56,7.42,3.27,772.14
C3ifY177Ldq,train,True,0,0,0,0.0,0.0,0.0,2,2.0,1,20,151.27,19.16,3.5,530.25
GZRLndzSrdn,train,True,0,0,1,0.0,0.0,0.0,2,2.0,1,14,232.26,12.33,2.98,957.62
6acdNdTjNbr,train,True,0,0,1,0.0,0.0,0.0,1,2.0,1,7,54.36,28.2,3.56,132.9
dioA6agn1cP,train,True,0,0,0,0.0,0.0,0.0,2,2.0,1,10,73.34,7.9,4.15,250.6
EN7GiDgxdQ2,train,True,0,0,1,0.0,0.0,0.0,3,2.0,1,19,209.08,11.32,3.75,695.25
pAjDzi9kWjE,train,True,0,1,0,0.0,0.0,0.0,1,2.0,1,6,34.06,4.42,4.21,233.41
nd6Vw5SHCoy,train,True,1,1,0,0.0,0.0,0.0,2,1.0,1,4,42.68,12.81,4.58,263.45
MjzBosUX3WW,train,True,0,1,0,0.0,0.0,0.0,1,2.0,1,9,79.79,28.42,3.85,193.24
bZsfeA9uRk7,train,True,0,0,0,0.0,0.0,0.0,1,2.0,1,9,94.23,11.62,3.23,296.41
sWAdxSLVPQC,train,True,0,1,0,0.0,0.0,0.0,2,1.0,1,9,68.61,7.75,4.08,160.24
P3kZKzwnEbM,train,True,0,1,0,0.0,0.0,0.0,1,1.0,1,6,41.31,10.7,3.88,113.84
Mre6deDcPCP,train,True,0,0,0,0.0,0.0,0.0,1,2.0,1,7,52.14,17.6,3.84,462.43
HeSYRw7eMtG,train,True,0,1,0,0.0,0.0,0.0,3,2.0,1,11,129.59,6.11,4.06,303.74
z8SrvZ4eyqV,train,True,0,0,0,0.0,0.0,0.0,1,2.0,1,12,109.32,23.77,3.41,504.64
2tqbn5VLQoq,train,True,0,0,0,0.0,0.0,0.0,2,2.0,1,9,71.38,8.56,4.07,312.93
jAzZDvf6i67,train,True,0,1,0,0.0,0.0,0.0,2,1.0,1,16,163.28,11.03,3.57,530.42
Dj6sJyU7qmd,train,True,0,1,0,1.0,0.0,0.0,3,0.0,1,22,197.9,18.01,3.92,663.28
qWb4MVxqCW7,train,True,1,1,0,0.0,0.0,0.0,2,1.0,1,11,106.17,6.13,3.62,363.81
iigzG1rtanx,train,True,1,1,0,0.0,0.0,0.0,4,1.0,1,16,261.4,10.08,3.47,675.71
DwDDvGo9QdA,train,True,0,0,0,0.0,0.0,0.0,1,2.0,1,14,175.38,11.93,3.29,735.24
5Kw4nGdqYtS,train,True,0,1,0,0.0,0.0,0.0,3,1.0,1,11,54.15,12.06,5.89,161.02
7CXbc73tDRf,train,True,1,2,1,0.0,1.0,0.0,3,0.0,1,10,89.99,10.84,4.52,207.72
U8F9SkAsqbJ,train,True,0,1,0,0.0,1.0,0.0,3,1.0,1,20,130.02,8.62,5.39,372.75
BLhX6Do8f1t,train,True,1,0,1,0.0,1.0,0.0,3,1.0,1,16,136.03,16.07,4.52,532.05
TZ2jsvNG2nt,train,True,0,0,1,0.0,0.0,0.0,2,1.0,1,15,151.26,18.9,3.4,384.54
csHQLLFPE3g,train,True,0,0,0,0.0,0.0,0.0,1,2.0,1,14,132.53,18.32,2.73,344.49
UuwwmrTsfBN,train,True,0,0,0,0.0,0.0,0.0,3,2.0,1,23,247.37,13.36,3.59,542.52
LcAd9dhvVwh,train,True,0,0,0,0.0,0.0,0.0,2,1.0,1,18,223.49,10.3,3.43,469.69
D8bT1ambLFc,train,True,0,0,0,0.0,0.0,0.0,1,2.0,1,15,146.39,24.91,3.47,391.15
EgzWe8N3jZG,train,True,0,0,0,0.0,0.0,0.0,2,2.0,1,11,92.37,17.73,3.6,227.78
28FFMGySc6D,train,True,0,1,0,0.0,0.0,0.0,1,2.0,1,10,73.91,13.54,5.04,235.24
2dZ1Jivh5if,train,True,0,1,0,0.0,0.0,0.0,1,2.0,1,6,69.26,8.64,3.59,372.27
iLDo95ZbDJq,train,True,0,0,0,0.0,0.0,0.0,1,2.0,1,9,105.52,11.43,3.09,240.89
iQPq34e8hJX,train,True,0,1,0,0.0,0.0,0.0,2,1.0,1,10,167.46,10.44,3.16,375.76
3PiKdwyfEkX,train,True,1,1,0,0.0,0.0,0.0,2,1.0,1,10,58.72,11.41,4.86,254.29
YV9M9gZG3YJ,train,True,0,0,0,0.0,0.0,0.0,1,2.0,1,9,57.03,24.71,4.13,134.34
DfUQLukPMPc,train,True,0,0,0,0.0,0.0,0.0,3,2.0,1,14,154.38,13.76,4.23,486.87
7dmR22gwQpH,train,True,0,1,0,0.0,0.0,0.0,1,1.0,1,9,122.48,24.56,2.97,270.8
uFCiZVVks57,train,True,0,0,0,0.0,0.0,0.0,1,2.0,1,13,106.05,8.91,3.61,267.32
1sM6KvYg3J5,train,True,0,0,0,0.0,0.0,0.0,3,2.0,1,15,239.84,8.36,3.69,1123.54
uXh7Yr7x12L,train,True,0,0,1,0.0,1.0,0.0,3,1.0,1,24,168.91,10.23,4.26,580.16
XfUxBGTFQQb,train,True,0,0,0,0.0,0.0,0.0,2,2.0,1,7,39.26,7.23,4.96,140.22
N8oi63yAP2b,train,True,0,0,0,0.0,0.0,0.0,3,2.0,1,17,162.73,20.12,4.59,431.71
RaYrxWt5pR1,train,True,0,0,0,0.0,0.0,0.0,1,2.0,1,7,48.28,11.92,3.23,220.18
yogvKWUrdnw,train,True,0,0,0,0.0,0.0,0.0,2,2.0,1,11,144.37,10.0,3.38,397.01
bHKTDQFJxTw,train,True,0,0,0,0.0,0.0,1.0,3,1.0,5,10,262.15,8.79,2.56,619.37
3KZbo846fxq,train,True,0,0,1,0.0,0.0,0.0,2,1.0,1,10,103.2,6.01,3.63,375.28
S3r45BMWy6H,train,True,0,0,0,0.0,0.0,0.0,1,2.0,1,6,60.34,13.92,2.96,295.72
mWqBmEyXcXN,train,True,0,1,0,0.0,0.0,0.0,2,2.0,1,15,192.65,14.46,3.08,479.98
bB6nKqfsb1z,train,True,1,0,1,0.0,0.0,0.0,2,1.0,1,16,238.92,19.74,2.99,439.57
qZ4B7U6XE5Y,train,True,0,1,1,0.0,0.0,0.0,3,1.0,1,13,65.77,10.68,5.63,180.03
BqLwEyiLbza,train,True,0,1,0,0.0,0.0,0.0,3,1.0,1,13,76.1,5.0,5.63,550.2
nW7z5USWzWo,train,True,0,1,0,0.0,0.0,0.0,2,1.0,1,13,98.2,7.59,4.23,487.98
wcJYziD5pmF,train,True,0,0,0,0.0,0.0,0.0,2,2.0,1,12,96.75,14.2,4.09,249.63
VSxVP19Cdyw,train,True,0,0,0,0.0,0.0,0.0,1,2.0,1,8,77.51,19.32,3.04,193.53
yqNxxJnA3iL,train,True,0,0,0,0.0,0.0,0.0,3,2.0,1,24,230.81,15.65,4.31,541.75
MVVzj944atG,train,True,0,1,0,0.0,0.0,0.0,2,2.0,1,8,40.56,9.77,5.4,121.66
sCCThjhioJC,train,True,0,1,0,0.0,0.0,0.0,3,2.0,1,14,159.14,14.05,3.89,323.64
qkkRnWghK8e,train,True,0,0,0,0.0,0.0,0.0,1,2.0,1,11,99.64,7.05,3.09,309.12
qWP3MMQM3eJ,train,True,0,1,0,0.0,0.0,0.0,1,1.0,1,10,80.12,9.01,4.12,475.06
kEL17iFsVbw,train,True,0,0,0,0.0,0.0,0.0,1,2.0,1,5,61.55,11.12,3.63,179.56
nzuiinFMXvf,train,True,0,0,0,0.0,0.0,0.0,2,1.0,1,13,125.77,16.54,3.74,253.25
NjyeoK5BLx3,train,True,0,0,0,0.0,0.0,0.0,1,2.0,1,5,80.86,23.97,2.82,145.23
7UdY7HiDnUi,train,True,0,1,0,0.0,0.0,0.0,1,2.0,1,7,45.61,6.0,3.55,149.99
GCCrNuhZ9WY,train,True,0,0,0,0.0,0.0,0.0,2,2.0,1,8,69.28,12.53,4.21,171.58
dQrLTxHvLXU,train,True,0,0,0,0.0,0.0,0.0,2,2.0,1,5,84.84,32.92,3.71,368.74
KHhgcNqsc9h,train,True,1,0,0,0.0,0.0,0.0,3,1.0,1,20,261.43,20.29,4.41,573.28
NkvRYHk72vA,train,True,0,0,0,0.0,1.0,0.0,1,2.0,1,10,41.57,17.51,4.9,132.7
dKySjDYsya1,train,True,0,1,1,0.0,0.0,0.0,2,1.0,1,10,137.08,10.0,3.27,470.82
MLVm7dZk7dp,train,True,0,1,0,0.0,0.0,0.0,1,1.0,3,6,194.6,57.89,2.71,474.53
wwX4MFiTTrt,train,True,0,0,0,0.0,0.0,0.0,2,2.0,1,9,57.44,13.12,4.02,221.39
JY8e73x9ubE,train,True,0,1,0,0.0,0.0,0.0,3,1.0,1,8,38.47,8.51,6.63,121.15
enfahKs8XHw,train,True,0,0,0,0.0,0.0,0.0,1,2.0,2,5,304.47,11.05,2.68,1044.62
3Y14etT7365,train,True,0,0,0,0.0,0.0,0.0,1,2.0,1,14,98.7,14.62,4.1,587.93
x4LVLSsYWcV,train,True,0,0,0,1.0,0.0,0.0,1,1.0,1,3,67.49,12.52,3.39,163.12
eZrc5fLTCmi,train,True,0,0,1,0.0,0.0,0.0,1,2.0,1,8,91.91,18.89,3.03,202.72
uHnM1oqv2JL,train,True,0,0,0,0.0,0.0,0.0,3,2.0,1,11,85.49,8.32,4.92,347.8
A9yB3w3UxXV,train,True,0,1,0,0.0,0.0,0.0,2,1.0,1,16,111.59,36.42,4.93,324.47
k7vRbGpz44m,train,True,0,1,0,0.0,0.0,0.0,2,1.0,1,9,58.38,5.69,5.29,321.27
yVbpFay8gTU,train,True,0,0,0,0.0,0.0,0.0,2,2.0,1,23,212.55,12.45,4.15,936.85
VoVGtfYrpuQ,train,True,0,0,0,0.0,0.0,0.0,2,2.0,1,15,101.5,9.84,4.5,382.31
gxttMtT5ZGK,train,True,0,0,0,0.0,1.0,0.0,3,2.0,1,19,224.28,11.46,4.1,757.49
NEVASPhcrxR,train,True,0,1,0,0.0,0.0,0.0,2,1.0,4,17,175.68,19.56,4.08,517.85
uhkqDVMtEnn,train,True,0,1,0,1.0,0.0,0.0,2,1.0,1,15,226.24,35.43,2.72,1155.68
FRQ75PjD278,train,True,0,0,0,0.0,0.0,0.0,2,2.0,1,6,43.05,15.94,4.47,119.03
SQqGpSHzfSr,train,True,0,0,0,0.0,0.0,0.0,1,2.0,1,4,61.67,7.59,3.19,139.25
C5RbHBQ76DE,train,True,1,0,0,0.0,1.0,0.0,2,1.0,1,8,41.06,10.87,5.2,106.28
j2EJhFEQGCL,train,True,0,0,0,0.0,0.0,0.0,1,2.0,1,7,254.92,30.65,2.54,545.33
hmRxh2mmzNC,train,True,1,0,0,0.0,0.0,0.0,2,1.0,1,8,42.19,10.0,4.85,123.66
bAdy4hKf1a1,train,True,0,0,0,0.0,0.0,0.0,2,2.0,1,15,108.88,12.15,3.84,284.12
mkvHBa3mEEk,train,True,0,0,0,0.0,0.0,0.0,3,2.0,1,12,48.62,4.44,4.86,234.0
WeyCwVzL53K,train,True,0,1,0,0.0,0.0,0.0,4,0.0,1,19,176.77,7.21,4.71,387.9
zWydhyFhvcj,train,True,1,0,0,0.0,1.0,0.0,3,1.0,1,10,49.68,4.58,6.07,171.2
6EMViBCA2N7,train,True,0,1,0,0.0,0.0,0.0,1,2.0,1,4,71.15,10.64,3.21,185.66
qz3829g1Lzf,train,True,0,0,0,0.0,0.0,0.0,2,2.0,1,8,70.0,7.62,5.18,173.99
fQHGxvurx9L,train,True,0,1,0,0.0,0.0,0.0,1,1.0,1,10,63.67,13.79,4.0,321.41
P6ajptD9tRP,train,True,0,0,0,0.0,0.0,0.0,2,2.0,1,11,82.96,3.34,4.51,415.09
KAzjXJvZtR3,train,True,0,1,0,0.0,0.0,0.0,2,1.0,1,7,95.37,13.03,4.1,218.12
zJEEFaNaRbB,train,True,0,1,0,0.0,0.0,0.0,3,1.0,1,9,74.86,7.57,4.26,147.71
g8Xrdbe9fir,train,True,0,1,0,0.0,0.0,0.0,2,2.0,1,8,84.01,9.17,2.87,300.35
wQN24R38a9N,train,True,0,1,0,0.0,0.0,0.0,2,1.0,1,11,107.33,15.69,4.52,247.8
8m2Sk2sC3DR,train,True,0,0,0,0.0,0.0,0.0,2,2.0,1,16,129.87,18.52,3.71,709.37
EbiLVt7CHc1,train,True,0,0,0,1.0,0.0,0.0,1,1.0,2,9,300.48,31.18,2.72,1213.27
8mXffaQTtmP,train,True,0,0,0,0.0,0.0,0.0,1,2.0,1,4,61.39,6.07,3.4,323.03
bvdRzJBgJyg,train,True,0,0,0,0.0,1.0,1.0,2,2.0,1,11,110.0,3.89,2.95,216.49
d5faFfQRphr,train,True,0,0,0,0.0,0.0,0.0,1,2.0,1,7,59.45,11.69,3.82,171.77
cHumXFzhHUR,train,True,0,1,0,0.0,0.0,0.0,2,1.0,3,2,113.07,6.42,2.83,333.09
TNx8nti6GNi,train,True,0,0,0,0.0,0.0,0.0,1,2.0,1,10,121.55,20.63,3.07,495.07
4h4JxvG3cip,train,True,0,0,0,0.0,0.0,0.0,1,2.0,1,7,61.03,26.33,3.6,270.75
XNiSi1YgPRR,train,True,0,0,1,0.0,0.0,0.0,3,1.0,1,11,55.01,7.67,5.39,132.45
PuFu1zFVc4k,train,True,0,0,0,0.0,0.0,0.0,1,2.0,1,12,53.6,21.71,4.71,123.13
nACV8wLu1u5,train,True,1,1,0,0.0,0.0,0.0,3,1.0,1,11,95.32,8.47,4.81,309.57
DWsM2ficpne,train,True,0,0,0,1.0,0.0,0.0,1,2.0,1,12,165.46,22.24,3.11,930.62
FcUgaJv6JHA,train,True,1,2,0,0.0,0.0,0.0,3,0.0,1,23,113.99,11.86,4.3,709.18
BW1f54ZNVW6,train,True,1,1,0,0.0,0.0,0.0,4,1.0,1,13,69.15,16.76,6.34,240.34
j6fHrce9pHR,train,True,0,1,1,0.0,0.0,0.0,2,1.0,1,18,266.2,31.49,1.12,745.63
b3CuYvwpzZv,train,True,0,0,1,0.0,1.0,0.0,3,1.0,1,21,167.57,7.7,3.88,508.39
q9CAdKfvar2,train,True,0,0,0,0.0,0.0,0.0,3,2.0,1,11,54.48,5.18,5.12,155.44
h6nwVLpAKQz,train,True,0,1,0,0.0,0.0,0.0,2,1.0,1,11,46.83,8.84,5.71,243.38
JHHVv6QZJMm,train,True,0,0,0,0.0,1.0,0.0,2,1.0,1,8,70.94,13.05,4.51,173.79
BfzKZxFShtq,train,True,0,2,0,0.0,0.0,0.0,1,1.0,5,1,67.25,10.8,2.57,279.81
E64sjs3Dyfd,train,True,0,1,0,0.0,1.0,0.0,6,1.0,5,16,211.19,8.63,4.66,583.27
741Fdj7NLF9,train,True,0,0,0,0.0,0.0,0.0,1,2.0,1,6,59.06,7.59,2.92,246.45
mscxX4KEBcB,train,True,0,0,0,0.0,0.0,0.0,1,2.0,1,9,61.64,13.58,3.86,330.65
uvveHdpUZis,train,True,1,2,0,0.0,0.0,0.0,3,,1,15,132.33,8.33,4.51,320.27
PM558qFsyi8,train,True,0,0,0,0.0,0.0,0.0,1,2.0,1,2,43.82,18.82,3.69,120.7
PYHRaSotJNh,train,True,0,1,0,0.0,1.0,0.0,3,0.0,1,7,32.37,5.32,6.4,145.24
U3oQjwTuMX8,train,True,0,0,0,0.0,0.0,0.0,1,2.0,1,2,190.96,16.28,3.11,881.54
wsAYBFtQaL7,train,True,0,1,0,0.0,0.0,0.0,1,1.0,1,8,121.67,12.17,3.03,312.67
kGVKV9k9DCT,train,True,0,0,0,1.0,0.0,0.0,2,2.0,1,11,207.58,18.4,2.28,499.9
HjxjHvpdeoM,train,True,0,1,0,0.0,0.0,0.0,2,1.0,1,10,65.71,12.61,4.66,168.94
YMNvYDhK8mB,train,True,0,0,0,0.0,0.0,0.0,1,2.0,2,7,95.14,13.95,3.65,225.5
NGyoyh91xXJ,train,True,0,1,0,0.0,0.0,0.0,1,1.0,1,11,75.17,10.87,3.97,179.34
92vYG1q49FY,train,True,0,1,0,0.0,0.0,0.0,2,2.0,1,19,122.57,11.82,4.23,502.6
j2DKmTV5TPV,train,True,0,0,0,0.0,1.0,0.0,1,2.0,1,8,68.78,25.1,3.79,367.53
2Pc8W48bu21,train,True,0,1,0,0.0,0.0,0.0,2,2.0,1,16,186.38,15.39,3.01,586.95
4J8N2Ah1a6o,train,True,0,0,0,0.0,0.0,0.0,2,2.0,1,13,128.66,17.67,3.39,297.09
ECStCRoCNWM,train,True,0,1,0,0.0,0.0,0.0,2,2.0,1,18,175.17,8.35,3.84,414.36
fK2vEV32Lag,train,True,0,1,0,0.0,0.0,0.0,2,1.0,1,8,39.43,9.09,5.49,173.15
1xGrZPxG1Hz,train,True,0,0,0,0.0,0.0,0.0,2,2.0,1,8,63.12,12.68,4.29,202.31
GGBvSFddQgs,train,True,0,0,0,0.0,0.5,0.0,3,2.0,1,13,119.33,15.31,5.25,291.82
GfF9TQ34x37,train,True,0,1,1,0.0,0.0,0.0,2,1.0,3,4,57.58,11.29,3.99,228.2
3Ao63EY7J83,train,True,1,1,1,0.0,0.0,0.0,3,0.0,1,8,247.1,11.53,2.93,468.44
67ADtrTrBK2,train,True,0,1,0,0.0,0.0,0.0,1,1.0,1,17,129.7,16.39,3.93,491.8
gQ3xxshDiCz,train,True,0,0,0,0.0,1.0,0.0,3,1.0,1,10,46.19,12.97,5.26,139.1
mHJxL9jnCox,train,True,0,0,1,0.0,1.0,0.0,2,2.0,1,10,87.1,31.66,4.24,196.91
JNiWU5TZLtt,train,True,0,0,1,0.0,0.0,0.0,1,1.0,2,10,145.23,24.71,4.07,650.58
bDTsgcSK5Qr,train,True,0,1,0,0.0,0.0,0.0,1,1.0,1,11,80.79,15.57,3.47,203.0
cjLuWviyDEo,train,True,0,1,0,0.0,0.0,0.0,2,1.0,1,9,49.44,8.32,5.52,281.33
kA2nG18hCAr,train,True,0,1,0,0.0,1.0,0.0,2,1.0,1,11,185.46,11.12,3.76,566.47
8DDKELpgD99,train,True,0,0,0,0.0,1.0,0.0,3,2.0,1,13,113.64,9.51,5.25,275.55
NcK5aACg44h,train,True,0,1,1,0.0,0.0,0.0,2,1.0,1,13,111.93,7.71,3.74,282.39
4dbCzNN5L5t,train,True,0,0,0,0.0,0.0,0.0,1,2.0,1,5,69.53,12.53,3.43,131.16
HLBJGGyicLV,train,True,0,1,0,0.0,0.0,0.0,1,1.0,1,12,86.02,10.94,4.02,203.33
RHrFkyC59tf,train,True,0,1,0,0.0,0.0,0.0,2,2.0,1,9,81.05,7.09,3.78,309.77
dcd823nTKH9,train,True,0,1,1,0.0,0.0,0.0,4,1.0,1,11,98.68,13.71,4.47,298.45
YmEfzspXX5h,train,True,0,0,1,0.0,1.0,0.0,2,2.0,1,11,89.15,4.95,5.16,319.27
FgswoxWb3uN,train,True,0,0,0,0.0,0.0,0.0,2,2.0,1,11,91.96,7.46,3.72,354.37
mj5sKX44BmS,train,True,0,0,0,0.0,0.0,0.0,1,2.0,1,9,74.08,16.77,4.2,344.37
8nSVqHLMRwQ,train,True,0,0,0,0.0,0.0,0.0,2,2.0,1,15,134.11,13.4,3.96,482.67
MPPDV4Gvybr,train,True,1,1,1,0.0,0.0,0.0,3,1.0,1,8,103.09,12.62,3.17,206.71
4GfZ9TTZUwL,train,True,0,1,0,0.0,0.0,0.0,2,1.0,1,15,121.22,10.7,3.52,240.88
QKGMrurUVbk,train,True,0,1,0,0.0,0.0,0.0,1,2.0,1,8,36.46,7.11,4.51,118.19
UbsJXeCkJBA,train,True,0,0,1,0.0,0.0,0.0,3,1.0,1,7,93.02,7.74,3.57,216.59
SBHLgvFTVMZ,train,True,1,1,0,0.0,1.0,0.0,3,1.0,1,11,111.73,12.17,4.64,319.84
27cQLjQ5CjV,train,True,0,0,0,0.0,0.0,0.0,1,2.0,5,13,102.84,5.32,4.33,755.36
wz9FcGhrndc,train,True,0,1,0,0.0,0.0,0.0,1,1.0,1,11,78.36,21.25,3.99,364.2
6HMiy15cxis,train,True,0,0,0,0.0,0.0,0.0,1,2.0,1,7,62.61,9.13,3.29,134.31
Umx6CdjZfvy,train,True,0,1,1,0.0,0.0,0.0,1,1.0,1,9,53.29,19.78,4.28,303.73
reHtN7VMWkg,train,True,0,0,0,0.0,0.0,0.0,1,2.0,1,13,164.45,15.09,2.78,332.13
pEeGyoYCEa1,train,True,0,2,0,0.0,0.0,0.0,2,1.0,1,12,107.9,12.79,3.73,318.67
PPTLa8SkUfo,train,True,0,1,0,0.0,0.0,0.0,2,2.0,1,16,227.15,16.63,3.26,1025.9
LQy8D2nmZ4x,train,True,0,1,0,0.0,0.0,0.0,2,1.0,4,3,105.96,7.14,3.89,391.16
sLwz8nKD3wF,train,True,0,0,0,0.0,1.0,0.0,3,1.0,1,10,87.6,9.7,4.71,206.74
jGdNyKqGZJw,train,True,0,1,0,0.0,0.0,0.0,1,2.0,1,5,53.55,8.06,3.08,203.69
by8SK9u18S8,train,True,0,1,0,0.0,0.0,0.0,1,1.0,1,9,91.37,35.21,3.5,412.56
bdp1XNEdvmW,train,True,0,0,0,0.0,0.0,0.0,1,2.0,1,5,58.17,8.05,3.53,266.53
GcfUJ79xCZc,train,True,0,0,1,0.0,0.0,0.0,4,2.0,1,13,99.65,9.11,4.94,235.98
JiHGQpwKUvd,train,True,0,0,0,0.0,0.0,0.0,1,2.0,1,5,73.09,6.97,2.74,167.79
JFgrz9MNz4b,train,True,0,0,0,0.0,0.0,0.0,3,2.0,1,16,200.06,12.48,3.76,494.65
ghWQ5kHV97i,train,True,0,0,0,0.0,0.0,0.0,1,2.0,1,11,142.61,23.35,2.92,601.9
X6Pct1msZv5,train,True,0,0,0,0.0,0.0,0.0,1,2.0,1,7,45.81,8.33,4.14,164.02
W3J8ruZTQic,train,True,0,0,0,0.0,0.0,0.0,1,2.0,1,10,110.88,7.65,3.64,1503.12
Y4L8fjz2yH7,train,True,0,0,0,0.0,0.0,0.0,2,2.0,1,11,109.53,10.49,3.61,406.77
vDfkYo5VqEQ,train,True,0,1,0,0.0,0.0,0.0,2,1.0,1,6,64.38,6.75,3.51,234.77
gmLDom6XSo7,train,True,0,0,0,0.0,0.0,0.0,3,2.0,1,15,142.93,5.51,3.18,439.16
VKmpsujnc5t,train,True,0,0,0,0.0,0.0,0.0,2,2.0,4,2,81.83,9.08,3.95,243.66
WnvnMQh4eEa,train,True,0,0,0,0.0,0.0,0.0,1,2.0,1,6,42.96,7.23,3.97,116.21
mHXUEKEV6gR,train,True,1,0,0,0.0,0.0,0.0,3,1.0,1,8,67.03,11.3,4.6,198.52
UrFKpVJpvHi,train,True,0,0,0,0.0,0.0,0.0,1,2.0,1,11,61.84,24.22,4.77,198.57
PE6kVEtrxtj,train,True,0,0,1,0.0,0.0,0.0,2,2.0,1,8,68.45,7.4,4.84,247.43
NwG7cpZnRZb,train,True,0,1,0,0.0,0.0,0.0,3,1.0,1,7,42.39,6.88,5.78,177.84
We1N7vBtyGm,train,True,0,0,0,0.0,1.0,0.0,2,2.0,1,11,118.5,7.7,4.83,453.21
LqsTKpxKVP2,train,True,0,0,1,0.0,0.0,0.0,3,1.0,1,13,92.51,7.06,5.45,230.92
P8XJUpcAUkf,train,True,0,1,0,0.0,0.0,0.0,3,1.0,1,11,120.26,11.84,4.53,561.02
6qJyEsZNuey,train,True,0,1,0,0.0,0.0,0.0,1,1.0,2,5,178.46,9.32,3.51,817.34
sjH1uaR68XQ,train,True,1,1,0,0.0,0.0,0.0,2,1.0,1,6,45.19,9.12,4.39,165.75
nicaPonCxvC,train,True,0,0,0,0.0,0.0,0.0,2,1.0,1,9,53.65,7.43,5.21,264.39
JWWJBQWHv64,train,True,0,0,0,0.0,0.0,0.0,1,2.0,1,5,60.03,23.7,2.32,118.16
7Xp37y8DpSv,train,True,0,1,0,0.0,0.0,0.0,1,2.0,1,9,59.76,9.61,4.82,635.56
yHLr6bvWsVm,train,True,0,0,0,0.0,0.0,0.0,1,2.0,1,7,65.57,14.04,3.61,142.1
DoSbsoo4EAg,train,True,0,0,0,0.0,0.0,0.0,1,2.0,1,4,56.34,11.29,2.83,259.68
bMvM1KL4WsR,train,True,0,1,1,0.0,0.0,0.0,2,1.0,1,9,155.1,8.14,3.31,475.12
u9rPN5cHWBg,train,True,0,0,0,0.0,0.0,0.0,2,2.0,1,10,112.55,11.61,4.08,491.59
xgLmjqzoAzF,train,True,0,1,0,0.0,0.0,0.0,1,2.0,1,13,161.42,13.34,3.76,1059.28
DACaFbApXUe,train,True,0,2,1,0.0,1.0,0.0,3,0.0,1,17,255.12,21.53,3.7,1006.05
asrq4PFvdvF,train,True,0,1,0,0.0,0.0,0.0,2,1.0,1,14,140.51,15.55,3.81,452.97
WhNyDTnd9g5,train,True,0,0,0,0.0,0.0,0.0,3,2.0,1,9,90.97,5.97,4.56,392.31
gGMMut83nsX,train,True,0,0,0,0.0,0.0,0.0,1,2.0,1,10,108.04,12.06,2.99,255.14
cWfRoQnzNiM,train,True,0,1,0,0.0,0.0,0.0,2,1.0,1,6,55.09,13.34,4.35,138.71
LLecyBe5Eq2,train,True,0,1,0,0.0,0.0,0.0,2,2.0,1,13,121.95,10.5,4.08,279.51
hkmLgL6jrP8,train,True,1,0,0,0.0,0.0,0.0,2,1.0,1,7,66.52,9.73,4.9,237.77
janiYDpzM9j,train,True,1,1,0,0.0,0.0,0.0,2,1.0,1,8,28.6,9.08,6.6,143.57
uc8QkFS11Hj,train,True,0,1,0,0.0,0.0,0.0,2,1.0,1,7,71.56,6.28,4.14,301.84
CFVBbU9Rsyb,train,True,0,0,0,0.0,0.0,0.0,4,2.0,1,33,185.94,9.89,5.94,642.21
rK4jPRTUw15,train,True,0,1,0,0.0,0.0,0.0,3,1.0,1,18,117.81,46.87,5.63,317.37
T7nCRmufFNR,train,True,0,1,1,0.0,0.0,0.0,1,2.0,1,8,62.26,29.58,3.23,166.27
GtqoUWABJ11,train,True,0,0,1,0.0,0.0,0.0,1,1.0,1,7,59.58,17.34,3.88,142.17
tYvWp85L81G,train,True,0,1,0,0.0,1.0,0.0,2,1.0,1,15,103.26,15.35,4.38,380.39
C6JvMamYTRg,train,True,0,0,0,0.0,0.0,0.0,1,2.0,1,7,57.64,6.5,3.62,205.3
5graSmdK3Bj,train,True,0,0,0,0.0,0.0,0.0,2,2.0,1,11,58.58,10.4,0.66,174.86
PaQrTquNd2v,train,True,0,0,0,0.0,0.0,0.0,1,2.0,1,10,79.35,18.41,3.53,188.43
8EqKbkhqE4R,train,True,0,0,0,0.0,0.0,0.0,2,2.0,1,8,86.83,20.53,3.64,176.76
mQFC1yx29MM,train,True,0,1,1,0.0,0.0,0.0,3,1.0,1,14,188.49,12.48,3.88,878.09
bwoBmU23M2N,train,True,0,1,0,0.0,0.0,0.0,3,2.0,1,9,91.12,8.55,3.54,272.53
37c5w29pYm3,train,True,0,0,0,0.0,0.0,0.0,2,2.0,1,16,243.9,14.95,2.77,574.29
p32JzpQyhPk,train,True,0,0,1,0.0,0.0,0.0,1,2.0,1,16,113.93,19.57,5.19,424.77
amdKHm5GAM1,train,True,0,1,0,0.0,0.0,0.0,2,1.0,1,14,70.31,20.78,4.39,215.45
QxfX5te1gFu,train,True,0,0,2,0.0,0.0,0.0,2,1.0,1,8,38.17,12.49,4.97,131.9
zmZvNTCxMZE,train,True,0,0,0,0.0,0.0,0.0,1,2.0,4,3,90.75,13.08,2.37,143.59
8qbZhbTc1wX,train,True,0,0,0,0.0,0.0,0.0,1,2.0,1,6,41.87,11.99,5.11,111.91
NpCFg9NdUgL,train,True,0,1,0,0.0,0.0,0.0,2,2.0,1,12,110.02,11.98,3.65,250.0
Qkm4CooNoPi,train,True,0,0,0,0.0,0.0,0.0,1,1.0,1,4,51.98,6.52,4.12,128.84
RYzud5W7ZnC,train,True,0,0,0,0.0,1.0,0.0,2,2.0,1,12,167.56,14.94,3.5,414.7
TzQLNfWugiZ,train,True,0,1,0,0.0,0.0,0.0,1,2.0,1,6,43.44,8.39,3.65,218.1
Wjvsh6jnVsR,train,True,0,0,0,1.0,1.0,0.0,2,1.0,1,13,174.68,12.48,3.66,635.34
aTf5zsbjZMb,train,True,0,0,0,0.0,0.0,0.0,2,2.0,1,6,50.81,5.98,4.95,131.39
yA3RqPqMrGE,train,True,0,0,0,0.0,0.0,0.0,2,2.0,1,7,68.23,7.74,3.65,222.26
uXU4dVyyvWa,train,True,0,0,0,0.0,0.0,0.0,1,2.0,1,6,52.47,10.04,2.86,126.7
o94q92w5PK5,train,True,0,1,0,0.0,0.0,0.0,1,2.0,1,9,95.99,27.77,3.15,243.73
DS3nSAaa3Nr,train,True,1,1,1,0.0,0.0,0.0,2,1.0,1,12,121.74,10.14,3.87,330.08
tEafuWwhhwr,train,True,0,0,0,0.0,0.0,0.0,3,2.0,1,13,149.47,10.75,3.86,394.55
tvvDpjzFJGe,train,True,0,0,0,0.0,0.0,0.0,3,2.0,1,13,97.75,5.95,4.53,538.21
fxbzYAGkrtm,train,True,0,0,0,0.0,0.0,0.0,2,2.0,1,17,154.85,15.79,2.91,622.39
RHdkyzXFp1k,train,True,0,1,1,0.0,0.0,0.0,3,1.0,1,14,235.15,14.11,3.37,422.98
k9UfRPqLm3j,train,True,0,1,0,0.0,0.0,0.0,2,2.0,1,5,47.36,5.76,3.96,156.1
FgXPKxNp5kK,train,True,0,0,0,0.0,0.0,1.0,2,2.0,1,18,255.34,24.91,2.87,411.04
RcuYAHzrjK7,train,True,0,1,0,0.0,1.0,0.0,1,1.0,1,10,59.19,11.36,4.52,218.58
6AGcGQf2wof,train,True,1,0,0,0.0,0.0,0.0,1,2.0,1,10,88.4,6.84,3.75,261.06
GMwtBqNLGBs,train,True,0,1,1,0.0,0.0,0.0,1,1.0,1,11,240.8,15.5,2.83,529.98
WPzCkWEorzk,train,True,0,1,0,0.0,0.0,0.0,1,2.0,1,12,161.62,12.0,3.1,421.08
j2eqyxdYAFW,train,True,0,2,0,0.0,0.0,0.0,3,1.0,1,7,53.49,4.87,5.13,214.22
kubNyvKJBUX,train,True,0,1,0,0.0,0.0,0.0,3,1.0,1,6,52.55,12.37,3.72,327.5
wxixLWuvLjd,train,True,0,0,0,0.0,0.0,0.0,1,2.0,1,10,44.4,18.74,3.9,126.24
Fgtk7tL8R9Y,train,True,0,0,0,0.0,0.0,0.0,2,2.0,1,12,59.33,11.41,4.68,151.61
DqJKU7YU7dA,train,True,0,1,0,1.0,0.0,0.0,1,1.0,1,12,140.06,15.26,3.37,570.44
58fkJMgLopt,train,True,1,1,0,0.0,1.0,0.0,3,0.0,1,12,51.94,16.92,7.54,178.96
fdfRpE6Cfsr,train,True,1,1,0,0.0,0.0,0.0,2,1.0,1,10,100.41,10.15,4.08,376.08
pmZMJfFd3Jy,train,True,0,1,0,0.0,0.0,0.0,1,2.0,1,8,60.11,12.27,4.01,146.37
S7uMvxjBVZq,train,True,0,1,0,0.0,1.0,0.0,2,1.0,1,11,85.02,5.82,4.84,209.71
yTgw14aa5ha,train,True,1,0,1,0.0,0.0,0.0,3,0.0,1,11,66.68,14.31,4.91,145.91
ceJTwFNjqCt,train,True,0,0,0,0.0,0.0,0.0,1,2.0,4,8,82.78,12.16,3.41,163.78
PB8eQHRTRRK,train,True,1,0,0,0.0,0.0,0.0,3,1.0,1,12,87.83,6.26,4.2,195.84
b3WpMbPFB6q,train,True,0,1,0,0.0,0.0,0.0,2,2.0,1,19,159.7,20.0,3.65,792.25
6vJMULqvYe8,train,True,0,0,1,0.0,0.0,0.0,2,1.0,2,2,100.58,45.06,3.94,345.17
pcpn6mFqFCg,train,True,0,0,1,0.0,0.0,0.0,2,2.0,1,8,61.89,7.12,1.3,258.17
d6bYiL1d9Fh,train,True,0,1,0,0.0,0.0,0.0,2,2.0,1,15,145.65,8.55,4.0,340.22
c9DeZf2fcDf,train,True,0,1,0,0.0,1.0,0.0,3,1.0,1,12,129.73,13.28,3.71,327.66
3UDjdrwcqMb,train,True,0,0,0,0.0,0.0,0.0,1,2.0,1,7,40.66,9.3,4.0,230.3
M8PMwoYQTUV,train,True,0,0,0,0.0,1.0,0.0,2,2.0,1,10,60.74,14.67,4.23,139.47
dD37vuCa4FE,train,True,0,0,0,0.0,0.0,0.0,2,2.0,1,12,95.0,14.35,4.25,382.62
H7bBanejcc6,train,True,0,0,0,1.0,0.0,0.0,3,1.0,1,12,116.21,50.0,4.16,324.49
giViJCyCH2C,train,True,0,0,0,0.0,0.0,0.0,2,2.0,1,9,58.34,10.28,4.78,154.72
wuKkTq5GJbi,train,True,0,0,0,0.0,0.0,0.0,3,2.0,1,13,94.84,8.31,5.13,243.0
ZNanfzgCdm3,train,True,0,0,0,0.0,0.0,0.0,2,2.0,1,6,54.9,9.42,3.74,138.58
Vnb6uKtzQCU,train,True,0,1,0,0.0,0.0,0.0,2,2.0,1,11,139.47,71.96,4.53,421.53
XokRUNE3gB1,train,True,0,0,0,0.0,0.0,0.0,2,2.0,1,15,123.42,23.11,3.66,229.53
KcHdFEzySGq,train,True,0,0,0,0.0,0.0,0.0,1,2.0,1,4,39.57,17.18,5.08,100.09
H8rQCnvBgo6,train,True,0,0,0,0.0,0.0,0.0,1,2.0,1,6,58.53,26.59,3.16,127.88
zR6kPe1PsyS,train,True,0,0,1,0.0,0.0,0.0,2,1.0,1,12,75.34,14.87,4.57,440.49
t3t9ofFLcFU,train,True,0,0,0,0.0,0.0,0.0,1,2.0,4,1,152.53,9.6,3.12,556.78
QN2dRqwd84J,train,True,0,0,0,0.0,0.0,0.0,1,2.0,1,6,77.38,11.54,3.83,171.28
q28T9C3q2dv,train,True,1,0,0,0.0,1.0,0.0,3,2.0,1,18,223.21,13.02,2.91,707.6
n2Tt2eJdqnT,train,True,0,1,0,0.0,0.0,0.0,2,1.0,1,13,113.81,6.95,3.78,270.04
NPHxDe6VeCc,train,True,0,1,0,0.0,0.0,0.0,2,1.0,1,16,122.79,21.02,4.03,369.47
RamZzGBBPbT,train,True,1,1,0,0.0,0.0,0.0,2,1.0,1,11,94.05,9.87,4.5,239.55
rxGLNxH6eoJ,train,True,0,0,0,1.0,0.0,0.0,1,1.0,1,10,156.53,25.62,3.15,602.28
v7DzfFFEpsD,train,True,0,0,0,0.0,0.0,0.0,2,2.0,1,14,134.02,11.48,4.25,432.27
o4tckGBtaxz,train,True,0,0,0,0.0,0.0,0.0,2,2.0,1,13,116.08,9.98,4.17,333.27
mDPCxA7W1WN,train,True,0,0,0,0.0,0.0,0.0,2,2.0,1,10,77.22,15.13,4.18,198.51
YM4nG4pSAEJ,train,True,0,0,0,0.0,0.0,0.0,1,2.0,1,12,59.5,12.97,3.73,311.33
77mMEyxhs44,train,True,0,0,0,0.0,0.0,0.0,2,2.0,1,15,116.88,10.76,4.03,288.33
rBmEe6ab5VP,train,True,0,0,0,0.0,0.0,0.0,1,2.0,1,8,53.37,12.65,3.86,143.87
zCMdfYaW9iF,train,True,0,1,1,0.0,0.0,0.0,1,1.0,1,8,58.16,6.75,4.02,203.34
nGhNxKrgBPb,train,True,0,0,1,0.0,0.0,0.0,1,2.0,1,17,184.47,24.48,2.61,676.73
t6tH2pNA9X5,train,True,0,0,1,0.0,0.0,0.0,2,2.0,1,8,55.37,7.23,5.09,150.62
fbUcgfPMBDr,train,True,0,0,0,0.0,0.0,0.0,1,2.0,1,10,80.56,8.85,3.92,461.52
R6Byftz8wRN,train,True,0,1,0,0.0,0.0,0.0,2,2.0,1,11,68.63,15.54,4.68,217.35
gamLwhSzHci,train,True,0,1,1,0.0,0.0,0.0,3,0.0,1,12,85.45,13.85,4.33,278.24
8wJuSPJ9FXG,train,True,0,1,0,0.0,0.0,0.0,2,2.0,1,7,48.28,12.1,4.85,164.82
bEdki9cbHDG,train,True,0,1,0,0.0,0.0,0.0,2,2.0,1,23,217.98,19.65,3.48,830.48
Hsk3jDzNySy,train,True,0,0,0,0.0,0.0,0.0,1,2.0,1,6,92.62,26.58,3.02,211.3
SSbSnMigayt,train,True,0,0,0,0.0,0.0,0.0,2,2.0,1,6,48.39,12.3,5.89,123.81
X9fRPGxw1jS,train,True,0,1,0,0.0,0.0,0.0,1,2.0,1,4,46.23,4.75,3.93,240.75
P3hmFK6Ejnf,train,True,0,1,0,0.0,1.0,0.0,3,2.0,1,17,86.32,19.61,5.9,263.27
vPoFkhqsJaf,train,True,0,1,0,0.0,0.0,0.0,2,1.0,1,12,125.83,13.31,3.38,298.59
UZ5rYGiwQgW,train,True,0,0,0,0.0,0.0,0.0,1,2.0,2,3,134.32,11.45,2.36,490.72
P8L1328HrLi,train,True,0,0,0,0.0,0.0,0.0,1,2.0,1,5,37.25,10.04,3.97,99.04
rp42RknmRV8,train,True,0,0,0,0.0,0.0,0.0,3,0.0,4,6,136.91,3.95,3.77,1218.92
vCfHLVSyL21,train,True,0,0,0,0.0,0.0,0.0,2,2.0,1,16,146.0,17.65,3.49,310.76
uzH9yHazm9t,train,True,0,1,0,0.0,0.0,0.0,1,1.0,1,6,42.82,7.75,3.63,249.54
L5QEsaVqwrY,train,True,0,0,0,0.0,0.0,0.0,1,2.0,1,17,260.86,14.08,2.73,1759.44
rmDFTEWfNcz,train,True,0,0,0,0.0,0.0,0.0,1,2.0,1,10,75.3,12.9,4.06,206.34
TGVJHgmMGzi,train,True,0,1,0,0.0,0.0,0.0,2,2.0,1,13,93.45,22.99,4.32,231.92
S3BfyR31Wc9,train,True,0,0,1,0.0,0.0,0.0,2,2.0,1,19,248.14,19.93,3.52,2171.83
XvJjCZv6SYp,train,True,0,1,0,0.0,0.0,0.0,2,2.0,1,6,63.36,9.72,3.87,217.95
mjvN6RDLsPm,train,True,1,1,1,0.0,1.0,0.0,3,0.0,1,14,160.14,11.69,4.31,562.24
wPLokgvCnuk,train,True,0,1,0,0.0,0.0,0.0,2,2.0,1,8,65.43,15.36,3.92,245.36
4MRLu1yET6a,train,True,0,0,0,0.0,0.0,0.0,1,2.0,1,5,43.28,16.76,3.96,120.37
tJ7XVoEN82a,train,True,0,0,0,1.0,0.0,0.0,3,1.0,1,16,114.47,12.33,5.25,247.96
oz1yTAGPXkh,train,True,1,1,1,0.0,1.0,0.0,1,1.0,1,9,60.2,15.2,3.55,250.76
sX9xad6ULKc,train,True,0,0,0,0.0,0.0,0.0,1,2.0,1,8,112.09,25.17,2.86,506.87
H81QMurNRM8,train,True,0,0,0,0.0,0.0,0.0,2,2.0,1,17,172.65,19.97,3.51,616.34
tL6i2PtktSh,train,True,0,0,0,0.0,1.0,0.0,1,2.0,1,2,16.92,16.58,4.67,49.02
5RtSdesLuHt,train,True,0,0,0,0.0,0.0,0.0,1,2.0,2,17,192.28,17.39,3.29,421.37
tAQTHnJ7n72,train,True,0,0,0,0.0,0.0,0.0,1,2.0,1,7,41.92,7.28,3.89,154.96
JjsvQEqRxGS,train,True,0,0,0,0.0,0.0,0.0,4,2.0,1,11,140.26,6.3,3.44,284.19
LGGnLUDPz37,train,True,1,1,0,0.0,0.0,0.0,2,1.0,1,12,101.27,10.45,4.44,334.51
FYYpmNC4gAd,train,True,0,0,0,0.0,1.0,0.0,3,2.0,1,19,239.72,8.31,3.58,420.87
9Ckja165ren,train,True,0,0,1,0.0,1.0,0.0,3,1.0,1,18,112.71,9.69,0.16,389.45
6ySDHVkso9e,train,True,0,1,0,0.0,1.0,0.0,2,1.0,1,10,81.8,13.73,4.47,289.37
vjMVcmpC1hC,train,True,1,1,0,0.0,0.0,0.0,2,1.0,1,6,55.52,8.29,4.46,136.89
k7mcxHG65Wh,train,True,0,0,2,0.0,0.0,0.0,2,1.0,1,13,65.54,10.95,5.01,478.99
T48WJA2vtru,train,True,1,0,0,1.0,1.0,0.0,3,1.0,1,12,102.58,6.4,4.24,295.08
7PZPFHR3oJc,train,True,1,1,0,0.0,1.0,0.0,3,1.0,1,9,54.05,6.92,4.81,132.46
fFx6oC7EVp7,train,True,0,1,0,0.0,0.0,0.0,1,1.0,1,6,51.65,18.7,3.55,149.15
Ze6tkhg7Wvc,train,True,0,0,0,0.0,0.0,0.0,3,2.0,1,14,90.23,12.73,5.68,282.36
LViDMxZp4ZN,train,True,0,1,0,0.0,0.0,0.0,1,2.0,1,9,59.78,18.0,4.08,304.39
AiY2reLtjYJ,train,True,0,0,0,0.0,0.0,0.0,2,2.0,1,10,54.02,9.05,5.26,183.52
5m6t1y5EvsT,train,True,0,1,0,0.0,0.0,0.0,1,2.0,1,9,59.76,9.76,3.71,170.29
URjpCob8MGw,train,True,0,1,0,0.0,0.0,0.0,3,1.0,1,14,149.68,7.56,3.95,1017.08
NfkadBDgBJV,train,True,0,1,0,0.0,1.0,0.0,4,1.0,1,20,150.24,13.21,5.24,505.9
nvjM2xMma91,train,True,0,1,0,0.0,1.0,0.0,1,1.0,1,9,100.71,19.51,3.56,294.09
xAHnY3QzFUN,train,True,0,1,0,0.0,0.0,0.0,1,2.0,1,12,102.04,15.13,3.28,424.11
mggziYKSc6S,train,True,0,1,0,0.0,0.0,,1,1.0,1,7,62.64,14.53,3.75,141.52
iTm2PKHUcTJ,train,True,1,1,0,0.0,0.0,0.0,1,2.0,1,11,75.56,4.42,4.6,357.48
ochRmQAHtkF,train,True,0,1,0,0.0,0.0,0.0,3,1.0,1,15,208.72,11.37,3.53,699.2
udze1CSof5C,train,True,0,0,0,0.0,0.0,0.0,2,2.0,1,18,141.99,9.64,3.5,512.19
f93a9wrxRjG,train,True,0,1,1,0.0,0.0,0.0,1,1.0,1,8,39.1,12.76,4.39,258.97
Xuky7E5df6A,train,True,0,0,1,0.0,0.0,0.0,2,2.0,1,6,51.25,4.86,4.25,197.99
xccdSFAEPau,train,True,1,0,1,0.0,0.0,0.0,2,1.0,5,4,173.17,11.64,2.85,389.52
v46TaF2rxHK,train,True,0,0,0,0.0,0.0,0.0,1,2.0,1,8,76.31,18.76,3.58,168.65
g7hUFVNac26,train,True,1,1,0,0.0,0.0,0.0,3,1.0,1,16,236.7,13.1,4.95,612.93
NtnvZSMK3en,train,True,1,1,0,0.0,0.0,0.0,2,1.0,1,9,66.7,6.91,4.3,192.14
r8b8sRuxdt2,train,True,0,0,0,0.0,1.0,0.0,2,2.0,1,13,61.94,12.71,6.06,204.74
QDvRVeWFCjM,train,True,0,2,0,0.0,0.0,0.0,1,1.0,1,7,65.5,14.05,3.69,145.46
p4ZPcGtk6Ex,train,True,0,0,0,0.0,0.0,0.0,2,2.0,1,10,90.13,6.72,3.94,330.48
RrfVebebfWf,train,True,1,1,0,0.0,0.0,0.0,2,1.0,1,22,290.74,14.5,2.58,879.18
5jLhtVmWd5F,train,True,0,0,0,0.0,0.0,0.0,2,1.0,1,6,53.45,3.76,4.41,166.31
EQSguCqe5Rk,train,True,0,1,0,0.0,0.0,0.0,1,1.0,1,6,57.44,11.12,2.82,235.35
boHtwWDWtXh,train,True,0,0,1,0.0,0.0,0.0,3,2.0,1,14,88.54,10.87,4.52,360.78
fc7RfUCN5mY,train,True,0,0,0,0.0,0.0,0.0,1,2.0,1,7,58.43,8.04,2.69,276.03
yX54kr5c5g9,train,True,0,0,0,0.0,0.0,0.0,1,2.0,1,6,41.19,8.64,4.14,111.88
WypGcNbCdsH,train,True,0,1,0,0.0,0.0,0.0,1,2.0,3,1,39.73,4.37,3.45,150.65
erXNfWVjqZ8,train,True,0,2,0,0.0,1.0,0.0,3,1.0,1,13,127.13,7.2,4.58,268.17
F8PSGjTiv61,train,True,0,0,0,0.0,0.0,0.0,1,2.0,1,4,50.08,14.28,3.4,126.35
boJrpwDQtu9,train,True,0,0,0,0.0,0.0,0.0,2,2.0,1,11,93.05,7.62,4.5,373.75
BUFVGDCQNGb,train,True,0,0,0,0.0,0.0,0.0,1,2.0,4,1,146.99,6.55,2.56,454.21
Ty7djLDxQu3,train,True,0,0,1,0.0,0.0,0.0,2,2.0,1,6,73.41,7.19,3.22,218.89
panm7DRsmDn,train,True,0,0,0,0.0,0.0,0.0,2,2.0,1,9,117.9,15.97,3.88,385.64
pUneSGJDrvY,train,True,0,0,0,0.0,0.0,0.0,2,1.0,1,7,40.6,5.63,6.14,214.08
5737gQA9p2T,train,True,1,1,0,0.0,0.0,0.0,2,1.0,1,12,67.39,11.08,3.83,223.61
CQWES1bawee,train,True,0,1,0,0.0,0.0,0.0,4,2.0,1,18,132.23,34.63,5.47,295.75
eWKqgQbVZow,train,True,0,1,0,1.0,1.0,0.0,2,1.0,1,13,69.93,10.25,4.97,218.17
AeBfp3hTadB,train,True,0,1,1,0.0,0.0,0.0,2,1.0,1,11,113.94,10.26,3.73,236.59
ij6Fizhrr6c,train,True,0,1,1,0.0,1.0,0.0,2,1.0,1,10,104.97,13.45,4.15,271.15
q6tn1ZjSsG4,train,True,0,1,0,0.0,0.0,0.0,2,1.0,1,19,247.18,12.68,3.2,626.9
fKP4sxcoxpL,train,True,0,2,1,0.0,0.0,0.0,2,1.0,1,11,92.56,17.36,4.41,232.04
N7YVmJQ8sAu,train,True,0,1,0,0.0,0.0,0.0,1,1.0,1,10,66.15,14.43,3.19,305.36
nMeXfQU4PMS,train,True,0,0,0,0.0,0.0,0.0,1,2.0,1,9,107.62,14.63,3.27,277.72
aqx6EomMgTf,train,True,0,1,0,0.0,0.0,0.0,2,1.0,1,10,53.59,8.2,4.52,123.23
frThKkhTwFT,train,True,0,0,0,1.0,0.0,0.0,2,2.0,1,7,224.52,14.42,3.0,874.52
ZwnLFNzxASM,train,True,0,0,0,0.0,0.0,0.0,1,2.0,1,6,68.79,8.94,3.68,137.59
QVAA6zecMHu,train,True,0,0,0,0.0,0.0,0.0,1,2.0,1,6,35.52,10.68,3.76,111.95
RfNGMBdVbAZ,train,True,0,0,0,0.0,0.0,0.0,1,2.0,1,5,71.01,5.65,3.74,351.61
4vwGX7U38Ux,train,True,0,1,0,0.0,0.0,0.0,2,1.0,1,8,58.68,6.5,3.89,227.62
gDDiZeyaVc2,train,True,0,1,0,0.0,0.0,0.0,2,1.0,1,13,210.06,21.27,3.05,738.65
JSgMy8tTACD,train,True,0,0,0,0.0,0.0,0.0,2,2.0,1,11,98.54,12.84,4.8,406.3
8uSpPmctPXC,train,True,0,0,0,0.0,0.0,0.0,2,2.0,1,6,38.35,6.65,4.6,113.21
WZDzPCybQvS,train,True,0,0,0,0.0,0.0,0.0,3,2.0,1,12,175.31,16.49,4.02,416.46
9oGV6Y9nNqB,train,True,0,1,0,0.0,0.0,0.0,1,2.0,1,12,51.64,8.57,3.42,134.51
9DnDAhJ7qcj,train,True,0,1,1,0.0,0.0,0.0,3,1.0,1,26,336.64,12.66,3.85,941.73
krsjseyn6fd,train,True,0,0,0,0.0,0.0,1.0,3,2.0,1,22,209.59,10.14,3.57,440.0
ytXtEYghmvL,train,True,0,1,0,0.0,0.0,0.0,3,1.0,1,17,129.1,9.15,4.07,340.92
jG9pucmJVBZ,train,True,0,0,0,0.0,0.0,0.0,1,2.0,1,11,80.38,12.72,3.6,184.74
o1F5JVHc6mb,train,True,0,2,1,0.0,0.0,0.0,3,1.0,1,15,221.8,12.25,3.54,657.35
aNri5Gh1ZTE,train,True,0,1,0,0.0,0.0,0.0,3,1.0,1,10,106.25,9.66,4.4,246.98
LpFSk2s7me6,train,True,0,1,0,0.0,1.0,0.0,2,1.0,1,7,36.35,6.27,4.84,203.53
1SedVoP7zLu,train,True,0,0,0,0.0,0.0,0.0,2,2.0,1,10,83.18,10.84,4.93,343.81
XYQdAu1qsK9,train,True,0,1,0,0.0,0.0,0.0,1,2.0,1,7,84.14,12.2,3.44,412.3
PK83UqrXjd3,train,True,1,0,1,0.0,0.0,0.0,2,1.0,1,6,55.71,17.0,3.07,135.12
hbr5fTQhAAa,train,True,0,0,0,0.0,0.0,0.0,1,2.0,1,8,71.97,6.36,3.56,245.49
iKFn6fzyRqs,train,True,0,0,0,0.0,0.0,0.0,2,2.0,1,12,89.58,6.89,3.88,251.47
PFLHHbjscNN,train,True,1,1,1,0.0,0.0,0.0,3,1.0,1,7,47.35,2.73,4.96,418.87
HPrcqBkKzuy,train,True,0,1,0,0.0,1.0,0.0,2,1.0,1,13,201.75,14.09,2.97,1167.88
BCWtGkh8CHv,train,True,0,0,0,0.0,0.0,0.0,2,1.0,1,3,96.14,17.39,4.56,416.05
W9YAR9qcuvN,train,True,0,0,0,0.0,1.0,0.0,2,2.0,1,7,41.41,4.38,4.86,114.74
C7xtw9uhYFn,train,True,1,0,1,0.0,0.0,0.0,1,1.0,4,4,168.85,8.99,3.41,846.32
TziyvKgzdAs,train,True,0,1,0,0.0,0.0,0.0,1,2.0,2,1,52.53,2.19,2.11,109.97
4euAVjDbkz9,train,True,0,0,0,0.0,1.0,0.0,3,1.0,1,17,121.84,11.22,3.82,383.44
wDDRygUCLMm,train,True,0,0,0,0.0,1.0,0.0,2,2.0,1,24,252.97,12.16,3.36,1314.67
DBBESbk4Y3k,train,True,0,0,0,0.0,0.0,1.0,3,2.0,1,14,196.78,10.33,3.11,419.2
XKqDR74W1JU,train,True,0,0,0,0.0,1.0,1.0,3,2.0,1,15,162.14,8.23,3.44,358.46
QFjJExB2jgE,train,True,0,1,0,0.0,0.0,0.0,2,2.0,1,10,141.26,12.3,3.66,650.81
oahi4u45xMf,train,True,0,0,0,0.0,1.0,0.0,2,2.0,1,10,75.04,14.49,4.01,175.17
3CBBjsNkhqW,train,True,0,1,0,0.0,0.0,0.0,2,1.0,1,13,185.14,14.64,4.31,452.3
zUG6FL9TYeR,train,True,0,1,0,0.0,0.0,0.0,2,1.0,1,11,163.47,11.05,3.72,761.19
6nvpJEZ8ox5,train,True,0,0,0,0.0,0.0,0.0,1,2.0,1,6,64.68,16.57,3.54,158.59
FnDDfrBZPhh,train,True,0,1,0,0.0,0.0,0.0,2,1.0,1,9,77.4,13.38,5.64,183.49
12e6joG2B2T,train,True,0,1,0,0.0,0.0,0.0,2,1.0,1,11,114.55,13.27,3.32,298.63
1k479icNeHW,train,True,0,0,0,0.0,0.0,0.0,1,2.0,1,5,181.67,30.02,3.93,505.72
t85xiAt9pao,train,True,0,0,0,0.0,1.0,0.0,2,2.0,1,9,120.18,27.83,4.46,379.12
C2hbxeJWmvX,train,True,0,0,0,0.0,0.0,0.0,2,1.0,1,13,72.42,7.63,5.19,233.23
nS8T59Aw3sf,train,True,1,0,0,0.0,0.0,0.0,3,1.0,1,11,55.92,9.28,5.86,157.27
9h5JJxM6E5S,train,True,0,0,0,0.0,0.0,0.0,2,2.0,1,9,74.96,7.95,5.25,379.77
otTm4oTrHvc,train,True,0,1,0,0.0,0.0,0.0,2,1.0,1,14,181.99,22.4,3.29,793.95
TQSiMZJawkS,train,True,1,1,0,0.0,1.0,0.0,3,1.0,1,17,242.34,12.98,4.46,575.48
k3ohRuM6bso,train,True,0,1,0,0.0,0.0,0.0,1,2.0,1,6,74.21,7.21,3.5,193.35
zwzTbNq7xoW,train,True,0,1,0,0.0,0.0,0.0,2,1.0,1,20,207.52,11.04,3.38,679.11
eip6PNoeCPr,train,True,1,1,1,0.0,0.0,0.0,3,0.0,1,15,210.57,7.85,4.49,427.56
qAwGYe2GoZp,train,True,1,1,0,0.0,0.0,0.0,2,1.0,1,10,63.31,14.93,4.07,230.67
rihBP3nC6p4,train,True,0,0,0,0.0,0.0,0.0,2,2.0,1,15,150.01,12.23,3.65,369.07
Y4idBN66BqG,train,True,0,1,0,0.0,1.0,0.0,1,2.0,1,11,68.55,7.78,4.2,355.04
saBtfCeVoJ4,train,True,0,0,0,0.0,0.0,0.0,2,2.0,1,2,75.02,10.65,3.27,143.7
fRZhp6vWGw7,train,True,0,0,1,0.0,0.0,0.0,2,2.0,1,11,135.68,9.32,3.84,500.64
NieWWMV6tE4,train,True,0,0,0,0.0,0.0,0.0,3,2.0,1,14,42.81,10.51,6.93,127.95
53jtKd53a1X,train,True,0,0,0,0.0,0.0,0.0,1,2.0,4,3,311.94,8.2,1.92,548.93
gjhYih4upQ9,train,True,0,0,0,0.0,0.0,2.0,2,1.0,1,12,132.13,9.66,3.3,259.32
VhissfC8ggN,train,True,0,1,0,0.0,1.0,0.0,2,1.0,1,10,80.25,7.72,5.19,240.48
kCHmLFfMDuE,train,True,0,1,0,0.0,0.0,0.0,2,1.0,1,9,37.2,9.09,5.53,105.1
Bnq6SeZGL5b,train,True,0,0,0,0.0,0.0,0.0,1,2.0,4,1,52.0,7.24,3.89,120.13
hXHUtviUKBu,train,True,0,1,0,0.0,0.0,0.0,2,1.0,1,13,109.71,15.06,4.33,412.25
xc2kFoo9nbw,train,True,0,1,0,0.0,0.0,0.0,2,1.0,1,10,78.9,17.46,3.9,390.97
qmvPLqLAgvC,train,True,0,0,0,0.0,0.0,0.0,2,2.0,1,6,45.98,4.45,5.16,154.49
KjZrPggnHm8,train,True,0,1,0,0.0,0.0,0.0,1,2.0,1,14,150.59,15.55,3.2,758.06
suQdyWFG8g9,train,True,0,1,0,0.0,0.0,0.0,2,2.0,1,18,167.52,15.55,3.64,607.86
YJDUB7hWg9h,train,True,0,0,0,0.0,0.0,0.0,1,2.0,1,9,71.17,27.12,2.9,161.39
kyoZhaD9HuW,train,True,0,0,0,0.0,0.0,0.0,2,2.0,1,8,60.31,16.39,4.55,164.55
w5YEujJKsiy,train,True,0,0,0,0.0,0.0,0.0,1,2.0,1,6,52.76,9.22,3.31,132.72
dNASL765WSN,train,True,0,0,0,0.0,0.0,0.0,1,2.0,1,7,50.82,13.06,3.36,125.01
1zDbEdygBeW,train,True,0,0,0,0.0,0.0,0.0,1,2.0,1,11,107.56,16.11,3.09,537.81
bXu6SSWkJY8,train,True,0,0,0,0.0,0.0,0.0,2,2.0,1,14,113.62,27.66,4.68,372.96
pMntW4YkvvB,train,True,0,0,0,0.0,0.0,0.0,2,1.0,1,9,124.46,9.06,4.15,257.4
adgwjGh4NQK,train,True,0,0,0,0.0,1.0,0.0,2,1.0,1,9,52.88,6.86,4.34,194.04
kdFEfVoT1WE,train,True,0,1,0,1.0,0.0,0.0,3,0.0,1,17,208.0,19.02,4.01,413.24
dTzYwo8Hppu,train,True,0,1,0,0.0,0.0,0.0,1,1.0,2,6,256.79,31.34,2.84,604.62
9hJwm8k7Gka,train,True,0,1,0,0.0,0.0,0.0,3,1.0,1,18,163.73,11.18,4.67,359.69
xcTV5UHYHFV,train,True,0,1,0,0.0,0.0,0.0,2,1.0,1,17,136.29,11.56,5.35,381.68
WpVxtsP4xxA,train,True,0,1,0,0.0,0.0,0.0,2,1.0,1,7,67.37,6.17,3.74,145.31
TYDavTf8oyy,train,True,0,0,0,0.0,0.0,0.0,3,2.0,1,17,147.26,4.91,4.28,451.17
1wypxmRjuUR,train,True,1,1,0,0.0,0.0,0.0,2,1.0,1,7,44.69,6.57,5.15,126.2
ZxkSUELrWtQ,train,True,0,0,0,0.0,0.0,0.0,2,2.0,1,14,137.49,14.61,3.22,520.98
CxxHb5C8ZsP,train,True,0,0,0,0.0,1.0,0.0,3,2.0,1,12,119.6,21.03,4.9,279.43
qSom26FpYzR,train,True,0,1,0,0.0,0.0,0.0,3,2.0,1,11,92.95,7.84,4.49,254.54
JUANmB8jduD,train,True,0,0,0,0.0,0.0,0.0,2,1.0,1,6,53.79,14.31,4.21,147.7
YWy9hV7RfQB,train,True,0,1,0,0.0,0.0,0.0,3,1.0,1,14,147.73,11.05,3.77,441.96
NS5SeGunqiK,train,True,0,1,0,0.0,0.0,0.0,1,2.0,1,14,207.6,18.92,2.72,952.55
qgZhhx1MpTi,train,True,0,1,1,0.0,0.0,0.0,2,1.0,1,10,70.1,5.71,3.92,187.65
JptJPosx1Z6,train,True,0,0,0,0.0,0.0,0.0,1,2.0,1,19,242.68,20.07,3.18,1416.6
CthA7sQNTPK,train,True,0,0,0,0.0,0.0,0.0,3,2.0,1,10,83.1,10.83,4.97,225.52
m17UDpW3tHm,train,True,0,1,0,0.0,0.0,0.0,3,2.0,1,9,34.58,4.7,7.2,108.54
1sPp3Wz8TCB,train,True,0,0,0,0.0,0.0,0.0,3,2.0,1,10,62.26,9.59,5.84,192.92
TBdN234fGEb,train,True,0,1,0,0.0,0.0,0.0,2,1.0,1,10,80.99,10.37,3.58,269.39
9SpHCfHaNiG,train,True,0,0,0,0.0,0.0,0.0,1,2.0,2,7,126.13,8.48,3.51,331.64
D8aaq3PH6dG,train,True,0,1,0,0.0,0.0,0.0,2,2.0,1,11,132.92,8.71,3.63,267.61
mt9H8KcxRKD,train,True,0,0,0,0.0,0.0,0.0,1,2.0,2,12,222.44,30.41,3.63,567.37
TiWanpmC63V,train,True,0,1,0,0.0,0.0,0.0,2,1.0,1,11,129.24,15.06,4.11,289.27
ENhuWpDE5EB,train,True,0,0,0,0.0,0.0,0.0,3,2.0,1,20,120.35,17.99,4.03,300.11
PjnDyQJJ3eM,train,True,0,0,1,0.0,1.0,0.0,1,1.0,1,6,78.76,72.94,3.83,171.44
XRHpoTZjtj7,train,True,0,0,0,0.0,0.0,0.0,2,2.0,1,11,76.49,6.51,4.29,269.57
Xfhi9GYbhqD,train,True,1,1,0,0.0,1.0,0.0,1,2.0,1,9,42.9,7.73,4.7,356.57
W4r5JssudHR,train,True,0,1,0,0.0,0.0,0.0,2,2.0,1,8,44.49,5.72,4.88,131.28
T22dejNjHK7,train,True,1,1,0,0.0,0.0,0.0,3,0.0,1,10,57.97,30.27,5.97,229.17
W16Bm4ysK8v,train,True,0,1,0,0.0,0.0,0.0,2,2.0,1,10,100.24,13.65,4.1,314.39
JXdzHne1mRo,train,True,0,1,1,0.0,0.0,0.0,3,1.0,1,9,69.8,23.4,6.07,155.56
j2Nms3h9XJv,train,True,0,0,1,0.0,0.0,0.0,3,2.0,1,10,46.26,8.45,6.19,130.07
x1pTUWx9DPr,train,True,0,1,0,0.0,1.0,0.0,1,1.0,1,10,110.11,60.44,3.28,265.57
1EiJpeRNEs1,train,True,0,1,0,1.0,0.0,0.0,2,1.0,1,7,78.33,6.6,3.23,249.8
PXAfUkZGMdU,train,True,0,1,0,0.0,0.0,0.0,3,2.0,1,19,279.63,15.03,3.0,638.19
GsQBY83r3hb,train,True,0,0,0,0.0,0.0,0.0,1,2.0,1,8,78.22,10.82,2.91,372.88
s19Uyn7AWwv,train,True,0,0,0,0.0,0.0,0.0,3,2.0,1,14,87.01,14.17,4.58,212.33
ki6Cu76pWzF,train,True,0,1,0,0.0,0.0,0.0,2,2.0,1,14,154.45,19.36,4.03,662.69
PUNuHY5M7MS,train,True,0,0,1,0.0,0.0,0.0,1,2.0,1,6,89.15,22.31,2.9,194.16
zhzot8MvSjF,train,True,0,0,0,0.0,0.0,0.0,2,1.0,1,6,59.02,8.91,4.2,180.56
AENiMBDjVFb,train,True,0,0,0,0.0,1.0,0.0,2,2.0,1,11,138.65,9.4,4.14,337.15
T4G9hTR5WSv,train,True,0,0,0,0.0,0.0,0.0,2,2.0,1,12,112.9,19.71,3.67,218.71
R9fYpvCUkV7,train,True,0,0,1,0.0,1.0,0.0,2,2.0,4,9,172.48,4.23,2.38,321.35
AUkcTmUs8mw,train,True,0,0,1,0.0,1.0,0.0,3,1.0,1,17,142.5,12.99,5.01,664.99
SAZ4gvMfxm1,train,True,0,0,0,0.0,0.0,0.0,1,2.0,1,6,52.75,25.57,4.72,161.26
bxwHR9ipFG8,train,True,0,0,0,0.0,0.0,0.0,1,2.0,1,7,56.18,7.69,3.62,303.37
g7sKCMRfgUS,train,True,1,0,0,0.0,0.0,0.0,2,1.0,1,6,40.1,16.06,4.6,106.55
ooq3SnvC79d,train,True,0,1,0,0.0,0.0,0.0,1,1.0,1,10,113.61,16.45,3.24,290.98
VWczCD1Hbus,train,True,0,0,0,0.0,0.0,0.0,1,2.0,1,6,52.03,7.45,4.3,163.25
XiJhRLvpKpX,train,True,0,0,0,0.0,0.0,0.0,2,2.0,3,23,416.09,14.89,3.68,2072.28
b2e31HFFizw,train,True,0,0,0,0.0,0.0,0.0,3,2.0,1,17,308.31,13.96,3.81,786.01
tjs8mFdJ7YN,train,True,0,0,0,0.0,0.0,0.0,1,2.0,1,8,54.15,8.62,3.72,132.24
MHYu4LWb6qP,train,True,1,1,0,0.0,1.0,0.0,3,0.0,1,8,49.94,12.73,5.78,127.44
SrBPiU6LKxL,train,True,0,0,0,0.0,0.0,0.0,1,2.0,2,6,90.55,24.25,3.33,215.88
v3tsKAPVLJS,train,True,0,0,0,0.0,0.0,0.0,2,2.0,1,25,228.67,14.24,4.26,561.17
kXAEFtUBNFZ,train,True,0,0,0,0.0,0.0,0.0,1,2.0,1,6,54.41,23.89,4.11,265.78
dDyovSFuViJ,train,True,0,1,0,0.0,0.0,0.0,1,1.0,1,14,137.63,11.78,3.48,406.8
A1jHexSJuAW,train,True,0,1,0,0.0,0.0,0.0,3,2.0,1,8,66.08,11.29,4.35,174.91
drvaU627cQh,train,True,0,0,0,0.0,0.0,0.0,3,2.0,1,7,74.82,5.33,4.46,152.49
FXuXGH9YQTW,train,True,0,1,0,0.0,0.0,0.0,2,1.0,1,15,192.89,15.14,3.63,486.18
iNpfPhK1sRz,train,True,1,0,0,0.0,0.0,1.0,3,1.0,1,10,102.42,9.53,4.32,204.03
iePHCSf119p,train,True,0,0,0,0.0,0.0,0.0,1,2.0,3,1,89.11,22.26,3.74,460.67
AwL2QGztLwV,train,True,0,0,0,0.0,0.0,0.0,2,2.0,1,8,46.92,5.62,4.21,121.89
qvNra81N8BU,train,True,0,1,0,0.0,0.0,0.0,3,1.0,1,14,154.55,13.97,1.51,545.61
F8Rw6EWpPRT,train,True,0,1,0,0.0,0.0,0.0,3,1.0,1,7,258.61,15.71,2.2,1022.61
erfqyP5V4u6,train,True,1,0,1,0.0,0.0,0.0,3,1.0,1,10,74.75,8.71,4.76,338.33
ggNAcMh8JPT,train,True,1,1,0,0.0,0.0,0.0,3,1.0,1,12,120.92,9.41,4.53,352.95
njMGKG4iwRK,train,True,0,0,0,0.0,1.0,0.0,2,1.0,1,6,51.91,5.1,3.81,212.25
rrjjmoZhZCo,train,True,0,1,0,0.0,1.0,0.0,3,1.0,1,18,193.13,13.77,3.56,395.46
UfhK7KNBg5u,train,True,0,0,0,0.0,0.0,0.0,1,2.0,1,7,66.58,12.48,2.78,123.78
qpcpnP8TosR,train,True,0,0,0,0.0,0.0,0.0,1,2.0,2,5,105.65,5.0,2.67,199.04
yCCyNxubYcL,train,True,0,1,1,0.0,1.0,0.0,2,1.0,3,6,214.82,4.04,1.94,482.43
RiwBKy2YdQ7,train,True,0,0,0,0.0,1.0,0.0,2,2.0,1,12,125.63,13.13,3.44,363.41
AqGu9nUng3L,train,True,0,0,0,0.0,0.0,0.0,2,2.0,1,6,62.43,7.79,3.83,467.74
kQVPtf7ACRw,train,True,1,0,0,0.0,0.0,0.0,2,1.0,1,14,70.7,4.01,5.43,200.68
BcZUZQ9t4Fe,train,True,0,0,0,1.0,0.0,0.0,1,2.0,1,8,68.44,7.72,3.11,344.48
4RuxhXRmb3V,train,True,0,0,0,0.0,0.0,0.0,1,2.0,1,8,98.9,23.17,3.83,523.42
VZy9kKQJcUF,train,True,0,1,0,0.0,0.0,0.0,1,2.0,5,5,229.16,26.37,2.63,1027.85
q33GehreMrX,train,True,1,0,0,0.0,0.0,0.0,2,1.0,1,8,72.94,10.58,4.09,208.55
7GvCP12M9fi,train,True,0,1,0,0.0,1.0,0.0,4,1.0,1,18,233.78,6.68,2.91,742.12
TSJmdttd2GV,train,True,1,1,0,0.0,0.0,0.0,2,2.0,1,15,75.88,15.19,5.68,356.33
a3JCmxobR99,train,True,0,1,0,0.0,0.0,0.0,1,2.0,1,8,60.83,11.31,2.88,249.14
ZVPMj4YoZtK,train,True,0,2,0,0.0,0.0,0.0,1,1.0,1,10,110.47,12.14,3.11,233.73
Pmv1pdeirDT,train,True,0,0,0,0.0,0.0,0.0,3,2.0,1,15,125.9,10.78,4.13,637.08
SSwbmq72C21,train,True,0,0,0,0.0,0.0,0.0,3,3.0,1,18,136.89,7.54,5.03,378.73
aRKASs4e8j1,train,True,0,0,0,0.0,0.0,0.0,1,2.0,2,1,95.79,7.9,2.74,199.17
1Rg1SS1dRpG,train,True,0,0,0,0.0,0.0,0.0,3,2.0,1,18,195.77,12.98,3.8,523.65
u5atqC7vRCY,train,True,0,1,0,0.0,0.0,0.0,2,2.0,1,12,114.84,8.27,3.33,305.39
NBuk4gePdJm,train,True,0,1,0,0.0,0.0,0.0,1,1.0,3,3,153.06,24.07,3.07,1015.07
GNGYKt8XrjF,train,True,0,0,0,0.0,0.0,0.0,1,2.0,1,12,57.58,14.81,4.4,369.65
5K2dTSVihN7,train,True,0,0,0,0.0,0.0,0.0,2,2.0,1,16,96.29,8.83,4.6,374.03
6YtDG3FhNvx,train,True,0,0,0,0.0,1.0,0.0,2,2.0,1,11,44.65,8.02,5.43,128.39
DNWbUAJYsPy,train,True,0,0,0,0.0,0.0,0.0,1,2.0,1,3,48.34,9.69,3.32,129.99
mDdyQ6azhVD,train,True,0,0,0,0.0,0.0,0.0,1,2.0,1,6,44.83,7.83,3.34,248.46
knPYW3fibqY,train,True,0,1,0,0.0,0.0,0.0,1,2.0,1,4,52.84,10.43,3.33,149.89
4L4peQsMgfR,train,True,0,0,0,0.0,0.0,0.0,4,2.0,1,12,64.5,5.48,5.31,178.47
WpAGGyZFqQj,train,True,0,1,1,0.0,0.0,0.0,2,1.0,1,12,188.94,14.92,3.12,1177.2
y3dZtLZCUvN,train,True,0,1,0,0.0,0.0,0.0,4,2.0,1,10,88.46,10.31,5.14,417.92
c6TFyURFrL4,train,True,0,0,0,0.0,0.0,0.0,1,1.0,2,13,140.91,18.64,2.61,309.93
J5SkB2o1ckv,train,True,0,0,0,0.0,0.0,0.0,1,2.0,1,8,84.87,8.28,3.12,203.98
CnU5RD6PB3E,train,True,0,1,0,0.0,0.0,0.0,2,2.0,1,8,51.14,16.48,4.02,223.69
aCtdWA5n56Z,train,True,0,0,0,0.0,0.0,0.0,1,2.0,1,9,76.44,9.71,3.09,166.45
wFCLkVy4n9U,train,True,0,0,0,0.0,0.0,0.0,1,2.0,1,7,89.47,8.16,3.05,461.05
YmWinf3mhb5,train,True,0,0,0,0.0,0.0,0.0,1,1.0,1,5,32.93,4.33,4.7,116.82
QE33dvXyf1U,train,True,1,1,0,0.0,0.0,0.0,2,1.0,1,6,48.72,8.67,4.88,155.05
6r9GfBG7u1g,train,True,0,0,0,0.0,0.0,0.0,2,2.0,1,6,134.86,22.21,3.46,686.24
KCvzhHEhdwB,train,True,1,1,1,1.0,0.0,0.0,4,1.0,1,19,256.17,11.98,4.09,1064.99
D5dEbkUphhr,train,True,0,0,0,1.0,1.0,0.0,1,1.0,1,5,60.59,9.99,3.39,124.43
ENiCjXWB6aQ,train,True,0,1,0,0.0,1.0,0.0,2,1.0,1,15,124.86,9.23,3.95,560.68
LU4A39yR8gc,train,True,0,0,0,0.0,0.0,0.0,3,2.0,1,9,62.91,9.18,4.62,222.03
tj8ngv3woJ3,train,True,0,0,0,1.0,0.0,0.0,1,1.0,1,8,98.43,10.11,3.21,233.26
SgkmkWjjmDJ,train,True,0,0,0,0.0,0.0,0.0,2,2.0,1,12,84.06,22.62,4.57,185.74
d88Sc1udFcZ,train,True,0,0,0,0.0,0.0,0.0,1,2.0,1,8,74.29,11.9,2.88,145.69
p6RF8AUer2e,train,True,0,0,0,0.0,0.0,0.0,2,2.0,1,8,47.2,5.56,4.0,165.3
MyxM6trMBUH,train,True,0,0,0,0.0,0.0,0.0,2,2.0,1,13,149.0,11.52,4.53,822.42
APXAdV48nKT,train,True,0,1,1,0.0,0.0,0.0,1,1.0,1,10,60.02,10.86,4.63,178.11
adddVdvEXUK,train,True,0,0,0,0.0,0.0,0.0,1,2.0,1,6,25.19,8.58,4.4,74.08
Lva3QmSMsTr,train,True,0,1,0,0.0,0.0,0.0,1,1.0,1,13,128.54,10.82,3.24,565.54
BJovXQkqbC3,train,True,1,1,1,0.0,0.0,0.0,3,0.0,1,11,123.09,5.34,4.44,278.03
DsEJeNPcZtE,train,True,0,1,0,0.0,1.0,0.0,2,1.0,1,15,120.63,15.42,3.32,268.7
5vUupbRRdyH,train,True,0,1,0,0.0,0.0,0.0,3,2.0,1,11,72.21,8.06,5.1,172.87
SrHVAbHUpUX,train,True,1,1,0,0.0,0.0,0.0,3,1.0,1,10,91.92,8.98,4.48,232.13
gyK27yu7CP4,train,True,1,0,0,0.0,1.0,0.0,3,1.0,1,17,98.58,10.74,5.02,263.31
aosjAwX5Lnq,train,True,0,0,0,1.0,0.0,0.0,1,1.0,4,2,215.83,27.33,2.03,384.68
tpxKD3awofe,train,True,0,0,0,0.0,1.0,0.0,1,2.0,1,3,24.05,8.0,5.11,99.73
wCqnXzoru3X,train,True,0,0,0,0.0,1.0,0.0,2,2.0,1,12,156.24,13.73,3.54,436.1
xvDx98avcwd,train,True,0,1,0,0.0,0.0,0.0,2,1.0,1,16,204.78,16.49,3.36,460.43
qnKYFQsjnHf,train,True,1,0,0,0.0,0.0,0.0,3,2.0,1,12,41.01,8.99,6.57,115.68
2XVvKEDd54w,train,True,0,1,0,0.0,0.0,0.0,3,1.0,1,16,144.18,7.51,4.46,305.69
YHmAkqgwe2p,train,True,0,0,0,,0.0,0.0,1,2.0,1,5,36.09,17.78,4.08,110.49
XVSZJAtHKdi,train,True,0,0,0,0.0,0.0,1.0,2,2.0,5,17,258.86,36.12,3.77,1216.71
eUJx9a4u63E,train,True,0,0,0,0.0,0.0,0.0,2,2.0,1,7,59.23,18.53,4.63,277.14
8LLjiNrWzJ9,train,True,0,0,0,0.0,0.0,0.0,1,1.0,1,7,216.48,36.65,2.97,909.95
DGXRxHddGAW,train,True,0,0,0,0.0,0.0,0.0,2,2.0,1,7,41.76,10.74,3.2,132.71
tTcuEfoAQXv,train,True,0,0,1,0.0,0.0,1.0,3,2.0,1,14,144.54,11.53,3.64,238.06
HZ2iMMBsBQ9,train,True,0,0,0,0.0,1.0,0.0,1,2.0,1,9,74.27,14.6,3.82,188.05
kxWk8ZMDE1N,train,True,0,0,1,0.0,0.0,0.0,1,2.0,1,8,50.58,8.05,3.19,112.22
Nf3aGQTDAA1,train,True,0,0,0,0.0,0.0,0.0,4,2.0,5,4,85.71,18.3,4.89,176.46
kjUg7BaQF1C,train,True,0,0,0,0.0,0.0,0.0,1,2.0,1,14,252.54,28.79,2.05,449.39
VaEwVD182FS,train,True,0,0,0,0.0,0.0,0.0,1,2.0,1,4,42.49,9.14,4.07,146.77
wtaQdtXzYtD,train,True,0,1,0,0.0,0.0,0.0,3,1.0,1,15,136.34,6.24,4.79,420.21
ASKXmHbw68X,train,True,0,0,0,0.0,0.0,0.0,2,1.0,1,7,58.97,8.49,3.71,117.9
CKbwkKufMWM,train,True,1,1,0,0.0,1.0,0.0,4,1.0,1,28,206.78,7.92,5.26,496.94
8B43pG641ff,train,True,0,0,0,0.0,0.0,0.0,3,2.0,1,12,163.11,45.58,3.98,484.83
YGc1h9nNrJP,train,True,0,0,0,0.0,0.0,0.0,2,2.0,1,6,39.78,30.98,3.71,90.45
EU6QPFpqdoU,train,True,0,0,0,0.0,0.0,0.0,1,2.0,1,3,50.36,10.71,2.84,118.1
hWDDQnSDMXb,train,True,0,0,0,0.0,0.0,0.0,2,2.0,1,19,189.94,20.97,3.87,1132.57
H77MhktmmAF,train,True,0,1,0,0.0,0.0,0.0,2,1.0,1,14,202.56,12.77,3.25,496.07
5uXtMs57HmZ,train,True,0,0,0,0.0,0.0,0.0,3,1.0,1,13,178.01,13.81,2.77,438.78
sNikFfBW8zM,train,True,0,1,0,0.0,0.0,0.0,2,2.0,1,9,119.13,11.84,3.11,353.79
WEDXu8bWRkq,train,True,0,1,0,0.0,0.0,0.0,2,1.0,1,10,84.21,7.26,3.35,334.95
rWHyWNc6ZbZ,train,True,0,1,1,0.0,0.0,0.0,3,1.0,1,9,126.07,14.51,4.03,301.93
PyZonHqd5gy,train,True,1,0,1,0.0,0.0,0.0,5,1.0,1,32,215.21,11.62,5.59,595.56
UYrgg12a7QN,train,True,0,0,0,0.0,0.0,0.0,2,2.0,1,19,168.75,8.33,4.05,714.76
oXzJVhUhmYe,train,True,0,0,0,0.0,0.0,0.0,3,2.0,1,15,43.44,5.64,6.61,212.69
Z2DQddYp1fn,train,True,0,1,0,0.0,1.0,0.0,2,1.0,1,9,134.78,10.55,4.5,576.68
GtM3JtRvvvR,train,True,0,0,0,0.0,0.0,0.0,1,2.0,1,9,96.07,14.48,2.89,224.11
4dtmWCb8CDk,train,True,0,1,0,0.0,0.0,0.0,2,1.0,1,19,113.84,6.03,4.79,993.46
ypcVfePF8TG,train,True,0,1,0,0.0,0.0,0.0,3,2.0,1,16,126.33,9.56,3.92,511.08
h5VYFcePkbn,train,True,0,0,0,0.0,0.0,0.0,2,2.0,1,9,122.18,14.31,3.27,306.22
ZhXWtW1gd6c,train,True,0,0,0,0.0,0.0,0.0,1,2.0,1,6,68.03,15.13,2.9,290.96
GPyDUnjwZQy,train,True,1,2,0,0.0,0.0,0.0,3,0.0,1,6,61.54,13.41,5.33,198.64
MfkErJj6CHF,train,True,0,0,0,0.0,0.0,0.0,2,2.0,1,12,53.49,11.41,5.58,146.36
cFqWyQ4Y9hT,train,True,0,0,0,0.0,0.0,0.0,2,2.0,1,9,124.25,27.19,3.11,530.8
w8GiikYuFRk,train,True,0,1,0,0.0,0.0,0.0,1,2.0,4,7,86.58,14.44,3.34,226.79
aYhkzj2fEhP,train,True,0,1,1,0.0,1.0,0.0,3,1.0,1,18,135.44,10.36,5.06,322.2
31DHHWieDMS,train,True,0,1,0,0.0,0.0,0.0,2,2.0,1,16,182.83,9.2,4.13,632.51
1S7LAXRdDqK,train,True,0,0,0,0.0,1.0,0.0,2,1.0,1,10,80.42,5.49,4.69,436.31
yX5efd48dLf,train,True,0,1,0,1.0,0.0,0.0,1,2.0,1,11,66.08,8.03,3.21,526.56
RTV2n6fXB2w,train,True,0,0,0,0.0,0.0,0.0,2,2.0,1,9,42.86,5.75,5.77,124.11
ZKqtodH1qpa,train,True,0,0,0,0.0,0.0,0.0,2,1.0,1,9,178.08,10.82,2.64,450.81
8QtyGUUtacf,train,True,0,0,0,0.0,0.0,0.0,2,2.0,1,8,67.38,12.18,3.28,231.73
w3ZK3Wxvidz,train,True,0,1,0,0.0,0.0,0.0,2,2.0,1,10,38.89,5.04,5.5,149.03
E1NrAhMoqvB,train,True,0,1,0,0.0,1.0,0.0,1,1.0,1,10,148.53,13.81,3.1,324.88
DZsJKHoqEYg,train,True,1,1,0,0.0,0.0,0.0,1,1.0,1,9,54.53,22.65,3.87,132.9
vKuDtqxh7YQ,train,True,1,0,1,0.0,0.0,0.0,4,1.0,1,20,160.81,4.77,5.45,427.23
hTTnuAeSN6d,train,True,0,1,1,0.0,0.0,0.0,1,2.0,1,9,114.31,23.27,2.9,472.34
EqZacbtdApE,train,True,0,1,0,0.0,0.0,0.0,2,1.0,1,10,96.81,9.43,3.92,240.39
UAGeBzZJgkU,train,True,0,0,0,0.0,0.0,0.0,2,2.0,1,14,132.9,11.48,3.95,454.71
1K7P6ZQS4VM,train,True,0,0,0,0.0,0.0,0.0,2,2.0,1,11,90.96,12.78,4.1,209.03
LVgQNuK8vtv,train,True,0,0,0,0.0,0.0,0.0,3,2.0,1,14,91.96,11.06,5.62,296.02
HfMobPm86Xn,train,True,0,1,0,0.0,0.0,0.0,1,2.0,1,17,180.86,29.82,3.62,630.17
8iCxzGNmp4g,train,True,0,1,0,0.0,0.0,0.0,1,2.0,1,11,85.33,9.4,3.41,228.49
5Poh4Qz68hd,train,False,0,0,0,0.0,0.0,2.0,1,2.0,1,8,77.51,15.89,2.13,150.45
s7kPJndncRy,train,False,0,0,0,0.0,0.0,2.0,2,2.0,1,12,124.58,20.48,2.62,217.88
33ypawbKCQf,train,False,0,0,0,0.0,0.0,2.0,1,2.0,1,6,88.41,12.26,1.82,126.34
pVnwDTdMD3h,train,False,1,0,0,0.0,0.0,2.0,3,2.0,1,10,139.37,17.52,2.34,208.03
rzzVnFnBLtg,train,False,0,1,1,0.0,0.0,2.0,1,2.0,1,12,153.12,24.04,2.0,259.65
AuGMayXVFkc,train,False,0,0,0,0.0,0.0,2.0,2,2.0,1,8,65.16,14.82,2.36,112.6
XxbS57Z6PDU,train,False,1,0,0,0.0,0.0,2.0,2,2.0,1,13,90.62,11.03,3.93,177.45
Yr35Q49vqwV,train,False,0,0,0,0.0,0.0,2.0,2,2.0,1,6,75.51,8.98,2.56,143.48
Gg8W275oKZE,train,False,0,0,0,0.0,0.0,2.0,2,2.0,1,11,305.16,38.98,1.85,502.88
F1Vhvu3osn6,train,False,0,0,0,0.0,0.0,2.0,2,2.0,1,6,45.74,7.92,3.66,200.22
NBg5UqG3di3,train,False,0,0,0,0.0,0.0,2.0,1,2.0,1,19,299.44,23.28,1.87,572.98
8oSQng53cGV,train,False,0,0,0,0.0,0.0,2.0,2,2.0,1,9,88.78,9.92,3.33,159.0
zJ3fVx3BZYR,train,False,0,0,0,0.0,0.0,2.0,1,2.0,1,7,227.59,21.18,1.86,420.82
9K1WbyTZ456,train,False,0,0,0,0.0,0.0,2.0,2,2.0,1,11,123.58,11.73,2.61,188.19
S3YyrKoJ7k6,train,False,0,0,0,0.0,0.0,2.0,2,2.0,1,10,99.51,11.23,2.26,203.21
3z5dc2yzyCb,train,False,0,0,0,0.0,0.0,2.0,2,2.0,1,13,168.48,22.83,2.68,265.6
qxwfVS8MQ67,train,False,0,0,0,0.0,0.0,2.0,1,2.0,1,6,76.06,9.26,2.04,145.22
N17ddiDvJr9,train,False,0,0,0,0.0,0.0,2.0,1,2.0,1,17,219.86,21.28,1.79,398.79
vj4rZPfVjBQ,train,False,0,0,0,0.0,0.0,2.0,2,2.0,1,7,86.73,16.23,2.6,132.68
3YSDRj9kTU7,train,False,0,0,0,0.0,0.0,2.0,2,2.0,1,9,117.96,21.5,2.11,182.37
3iZkJUc7KhX,train,False,0,0,0,0.0,0.0,2.0,1,2.0,1,5,79.73,12.4,2.0,126.1
6TPCFES8fhh,train,False,0,0,0,0.0,0.0,2.0,1,2.0,1,7,75.87,20.54,2.05,125.23
oQPVc6vwgaq,train,False,0,0,0,0.0,0.0,2.0,2,2.0,1,8,90.7,11.71,2.13,168.71
J9adB1bm54A,train,False,0,0,0,0.0,0.0,2.0,2,2.0,1,9,110.74,11.3,1.93,297.8
pYGGNqSbHp1,train,False,0,0,0,0.0,0.0,2.0,1,2.0,1,10,115.2,9.04,2.25,224.53
AdNTcRg3THp,train,False,0,0,0,0.0,0.0,2.0,1,2.0,1,8,98.41,20.94,2.14,169.19
E9hxHD5h4FY,train,False,0,0,0,0.0,0.0,2.0,1,2.0,1,7,118.84,11.65,2.05,366.85
S9M7ybC5ZHu,train,False,0,0,0,0.0,0.0,2.0,3,2.0,1,13,178.34,10.43,2.59,281.13
BEuB32yj7Fb,train,False,0,0,0,0.0,1.0,2.0,2,2.0,1,9,83.88,13.25,2.78,176.04
UAByLdpaokx,train,False,0,0,0,0.0,0.0,2.0,1,2.0,1,9,107.54,16.03,1.99,183.65
qQgcM8T4hiD,train,False,0,1,0,0.0,0.0,2.0,2,2.0,1,20,335.2,17.43,1.98,699.1
JPMDv7zL4bF,train,False,0,0,0,0.0,0.0,2.0,1,2.0,1,8,132.29,21.7,1.54,226.24
4tdJ3qe1x7P,train,False,0,0,0,0.0,0.0,2.0,4,2.0,5,93,2610.05,42.76,2.05,8216.26
NRsmXFcVTbN,train,False,0,0,0,0.0,0.0,2.0,1,2.0,1,7,74.42,19.06,1.69,107.09
WRphMcFxfhe,train,False,0,0,0,0.0,0.0,2.0,1,2.0,1,8,93.06,27.22,1.97,140.87
awcRF7AZnJu,train,False,0,0,0,0.0,0.0,2.0,4,2.0,1,13,170.09,17.58,2.95,258.35
m49MsVC7BwA,train,False,0,0,0,0.0,0.0,2.0,1,2.0,1,7,67.5,15.65,1.96,106.6
99ML7CGPqsQ,train,False,0,0,0,0.0,0.0,2.0,1,2.0,1,7,121.38,8.42,1.62,199.52
bpqKLXHnxei,train,False,0,0,1,0.0,0.0,2.0,1,2.0,1,10,88.67,18.23,2.11,211.19
deNrXzuSss5,train,False,0,0,0,0.0,0.0,2.0,2,2.0,1,17,207.71,8.16,2.12,486.12
TEEsavR23oF,val,True,0,0,0,0.0,0.0,0.0,2,2.0,1,7,79.96,6.28,4.25,398.3
HaxA7YrQdEC,val,True,0,0,0,0.0,0.0,0.0,2,2.0,1,9,71.38,7.0,3.82,400.7
wcojb4TFT35,val,True,0,0,0,0.0,0.0,0.0,3,2.0,1,15,127.97,9.38,4.95,383.63
k1cupFYWXJ6,val,True,0,1,0,0.0,0.0,0.0,8,2.0,5,12,251.7,5.36,3.15,644.74
BHXhpBwSMLh,val,True,0,0,0,0.0,0.0,0.0,1,2.0,1,10,111.42,11.16,3.75,255.71
SUHsP6z2gcJ,val,True,0,0,0,0.0,0.0,0.0,1,1.0,1,9,115.79,18.89,3.41,550.33
tQ5s4ShP627,val,True,0,0,0,0.0,1.0,0.0,3,1.0,1,8,104.05,25.88,3.66,321.04
rsggHU7g7dh,val,True,0,1,0,0.0,0.0,0.0,1,2.0,1,14,256.24,12.4,2.68,898.55
y9hTuugGdiq,val,True,0,1,0,0.0,0.0,0.0,3,1.0,1,19,154.09,12.46,4.29,541.93
Qpor2mEya8F,val,True,0,0,1,0.0,1.0,0.0,3,2.0,1,21,191.13,11.56,4.64,407.5
CrMo8WxCyVb,val,True,0,1,0,0.0,0.0,0.0,2,1.0,1,10,108.06,17.34,4.41,369.78
7UrtFsADwob,val,True,0,1,0,0.0,0.0,0.0,2,1.0,1,6,56.89,7.38,3.74,274.68
mma8eWq3nNQ,val,True,0,1,0,0.0,0.0,0.0,1,1.0,1,8,66.83,16.5,3.65,366.66
svBbv1Pavdk,val,True,0,0,0,1.0,0.0,0.0,1,2.0,1,8,75.78,13.07,3.08,147.03
p53SfW6mjZe,val,True,0,2,0,0.0,1.0,0.0,3,0.0,1,19,232.78,10.99,3.9,1005.29
h1zeeAwLh9Z,val,True,1,0,0,0.0,0.0,0.0,2,2.0,1,18,103.46,6.47,4.29,321.51
q3hn1WQ12rz,val,True,1,0,0,0.0,0.0,0.0,3,1.0,1,11,61.88,14.03,6.06,156.35
X4qjx5vquwH,val,True,0,1,0,0.0,0.0,0.0,3,1.0,1,18,261.46,17.78,3.41,487.31
rJhMRvNn4DS,val,True,0,1,0,0.0,0.0,0.0,2,2.0,1,6,60.4,5.49,4.87,153.78
6D36GQHuP8H,val,True,0,0,0,0.0,0.0,0.0,2,2.0,1,12,90.0,7.65,4.13,282.51
mL8ThkuaVTM,val,True,0,0,1,0.0,0.0,0.0,3,2.0,1,12,51.64,11.51,6.36,230.58
eF36g7L6Z9M,val,True,1,0,1,0.0,0.0,0.0,2,1.0,1,11,270.82,23.58,3.04,1187.27
nrA1tAA17Yp,val,True,0,0,0,0.0,0.0,0.0,2,2.0,1,7,95.7,6.46,4.38,272.14
7MXmsvcQjpJ,val,True,0,1,0,0.0,0.0,0.0,4,1.0,1,19,97.41,11.87,6.9,478.86
Dd4bFSTQ8gi,val,True,0,1,0,0.0,0.0,0.0,1,1.0,1,10,78.96,21.37,3.18,185.76
jgPBycuV1Jq,val,True,0,0,0,0.0,0.0,0.0,3,1.0,1,12,102.48,15.5,3.76,199.15
BFRyYbPCCPE,val,True,0,0,0,0.0,0.0,0.0,2,2.0,1,4,31.31,7.31,4.6,108.73
BAbdmeyTvMZ,val,True,0,0,0,0.0,0.0,0.0,1,2.0,1,8,65.16,18.59,3.72,177.42
X7gTkoDHViv,val,True,0,0,1,0.0,0.0,0.0,1,2.0,1,4,53.77,11.5,3.42,126.16
QaLdnwvtxbs,val,True,0,1,0,0.0,0.0,0.0,1,1.0,1,6,51.21,14.41,3.47,119.56
5jp3fCRSRjc,val,True,0,0,1,0.0,0.0,0.0,2,1.0,1,17,216.36,12.44,3.32,619.65
yr17PDCnDDW,val,True,0,0,0,0.0,0.0,0.0,2,2.0,2,2,292.12,8.29,2.7,917.8
qyAac8rV8Zk,val,True,0,1,0,0.0,0.0,0.0,3,1.0,1,10,80.31,9.8,4.26,220.88
dHwjuKfkRUR,val,True,0,0,0,0.0,0.0,0.0,3,2.0,1,16,171.46,10.57,3.75,920.15
AWUFxHEyV3T,val,True,0,0,0,0.0,0.0,0.0,1,1.0,1,10,89.01,13.25,3.52,499.57
q3zU7Yy5E5s,val,True,0,0,0,0.0,1.0,0.0,2,1.0,1,9,36.12,8.34,5.43,156.93
7GAhQPFzMot,val,True,0,0,0,0.0,0.0,0.0,3,2.0,1,9,66.7,14.36,5.55,187.25
vBMLrTe4uLA,val,True,0,0,0,0.0,0.0,0.0,2,2.0,1,8,87.79,11.65,3.89,184.48
kJJyRFXVpx2,val,True,0,0,0,0.0,1.0,0.0,2,2.0,1,12,96.85,10.51,4.15,349.38
zt1RVoi7PcG,val,True,0,1,0,0.0,0.0,0.0,2,1.0,1,15,132.2,9.83,3.96,415.65
z9YwN9M8FpG,val,True,0,1,0,0.0,0.0,0.0,3,2.0,1,10,99.13,12.31,5.16,324.86
SByzJLxpRGn,val,True,0,0,0,0.0,0.0,0.0,3,2.0,1,12,125.57,13.33,4.78,314.6
hkr2MGpHD6B,val,True,1,1,1,0.0,0.0,0.0,2,1.0,1,8,192.16,14.62,3.57,352.46
DYehNKdT76V,val,True,0,1,0,0.0,0.0,0.0,2,2.0,1,4,71.47,9.89,4.15,255.87
q5QZSEeHe5g,val,True,0,0,0,0.0,1.0,0.0,3,2.0,1,18,143.7,21.38,5.27,420.91
c3WKCnkEdha,val,True,0,0,0,0.0,0.0,0.0,1,1.0,1,12,47.69,17.93,5.02,114.62
LNg5mXe1BDj,val,True,0,0,0,0.0,0.0,0.0,2,2.0,1,10,107.46,7.31,4.87,278.64
bCPU9suPUw9,val,True,1,0,1,0.0,0.0,0.0,3,1.0,1,9,67.86,5.29,5.29,182.26
ziup5kvtCCR,val,True,0,0,0,0.0,0.0,0.0,1,2.0,1,8,64.42,12.81,3.42,322.97
a8BtkwhxdRV,val,True,0,0,0,0.0,1.0,0.0,2,2.0,1,13,73.15,11.13,4.57,330.52
W7k2QWzBrFY,val,True,0,1,0,0.0,1.0,0.0,2,1.0,1,11,65.86,16.01,4.88,335.23
YRUkbU5xsYj,val,True,0,0,0,0.0,0.0,0.0,3,1.0,1,17,233.61,17.89,3.48,606.52
T6nG3E2Uui9,val,True,0,1,1,0.0,0.0,0.0,3,1.0,1,11,61.45,7.97,6.49,164.14
5cdEh9F2hJL,val,True,0,0,0,0.0,0.0,0.0,1,2.0,1,6,77.86,14.77,3.67,207.63
SiKqEZx7Ejt,val,True,0,1,0,0.0,0.0,0.0,1,1.0,3,6,71.75,5.28,4.07,357.16
c5eTyR3Rxyh,val,True,0,0,0,0.0,0.0,0.0,1,2.0,1,8,53.4,5.96,3.34,149.03
FnSn2KSrALj,val,True,0,0,0,0.0,0.0,0.0,1,2.0,1,5,55.64,7.89,3.15,137.97
L53DsRRk4Ch,val,True,0,1,0,0.0,0.0,0.0,1,2.0,1,5,56.41,11.15,2.93,115.77
cYkrGrCg2kB,val,True,1,1,0,0.0,0.0,0.0,3,1.0,1,13,141.23,6.95,4.56,446.15
3t8DB4Uzvkt,val,True,0,1,0,0.0,0.0,0.0,2,2.0,1,14,165.23,19.78,3.57,353.71
RJaJt8UjXav,val,True,0,0,0,0.0,0.0,0.0,1,2.0,1,5,52.79,9.4,3.12,122.44
GLAQ4DNUx5U,val,True,0,1,0,0.0,0.0,0.0,2,1.0,1,14,126.02,14.45,4.29,555.86
LT9Jq6dN3Ea,val,True,0,0,0,0.0,0.0,0.0,3,2.0,1,26,276.97,18.13,3.06,558.24
b28CWbpQvor,val,True,1,1,0,1.0,0.0,0.0,2,1.0,1,15,225.91,10.24,3.75,639.66
QHhQZWdMpGJ,val,True,0,0,0,0.0,0.0,0.0,2,2.0,1,11,124.46,11.11,3.28,226.61
fsQtJ8t3nTf,val,True,1,0,0,0.0,1.0,0.0,2,1.0,1,2,43.27,20.64,4.87,192.1
XNeHsjL6nBB,val,True,0,1,1,0.0,1.0,0.0,2,1.0,4,6,86.67,14.09,4.31,183.36
uLz9jNga3kC,val,True,0,1,0,0.0,0.0,0.0,2,1.0,1,8,51.24,13.02,4.76,196.61
vd3HHTEpmyA,val,True,0,1,1,0.0,0.0,0.0,3,1.0,1,25,157.32,22.0,4.37,478.77
MHPLjHsuG27,val,True,0,0,0,0.0,2.0,0.0,2,2.0,1,7,35.14,7.31,5.44,127.48
AYpsNQsWncn,val,True,0,0,0,0.0,0.0,0.0,1,2.0,1,8,111.08,9.02,4.89,243.57
VBzV5z6i1WS,val,True,0,1,0,0.0,0.0,0.0,1,2.0,1,9,60.57,4.81,3.68,235.03
F7EAMsdDASd,val,True,1,1,0,0.0,0.0,0.0,2,1.0,1,10,36.59,27.25,6.16,183.67
bxsVRursffK,val,True,0,1,0,0.0,0.0,0.0,2,1.0,1,9,66.2,10.34,4.46,209.14
uSKXQ5fFg6u,val,True,0,1,0,0.0,0.0,0.0,1,1.0,1,4,54.23,16.51,3.34,239.64
66seV3BWPoX,val,True,0,0,0,0.0,0.0,0.0,2,2.0,1,6,56.14,10.16,3.68,240.24
mv2HUxq3B53,val,True,0,1,0,0.0,0.0,0.0,1,1.0,1,14,148.07,7.65,3.04,856.17
4ok3usBNeis,val,True,0,1,0,0.0,0.0,0.0,2,1.0,1,8,75.36,8.34,3.83,240.78
XB4GS9ShBRE,val,True,1,1,0,0.0,0.0,0.0,3,1.0,1,10,46.08,6.02,5.42,139.97
7Ukhou1GxYi,val,True,0,0,0,0.0,1.0,0.0,1,2.0,1,15,125.98,27.82,3.32,293.81
Nfvxx8J5NCo,val,True,0,0,0,0.0,0.0,0.0,1,2.0,1,11,69.77,16.0,3.58,347.35
u1bkiGRVyu9,val,True,0,0,0,1.0,0.0,0.0,2,1.0,1,10,83.59,7.47,4.4,228.16
rXXL6twQiWc,val,True,0,0,1,0.0,0.0,0.0,2,1.0,1,12,133.26,13.71,3.98,722.76
u8ug2rtNARf,val,True,0,1,1,0.0,0.0,0.0,1,2.0,1,9,44.59,6.87,5.06,137.63
XMHNu9rRQ1y,val,True,0,1,0,0.0,0.0,0.0,3,2.0,1,30,186.7,11.67,4.88,520.1
dVW2D7TDctW,val,True,0,0,0,0.0,0.0,0.0,1,2.0,1,9,137.15,15.71,3.19,675.64
TPhiubUHKcP,val,True,0,0,0,0.0,0.0,0.0,2,2.0,1,8,56.99,23.51,4.75,310.66
hyFzGGJCSYs,val,True,0,0,0,0.0,0.0,0.0,2,2.0,1,11,57.18,7.15,5.27,309.98
hDBqLgydy1n,val,True,0,0,0,1.0,0.0,0.0,3,2.0,1,8,87.77,9.01,3.76,271.26
HMkoS756sz6,val,True,0,0,0,0.0,0.0,0.0,2,1.0,1,8,57.95,11.57,4.28,137.11
6s7QHgap2fW,val,True,0,0,1,0.0,1.0,0.0,2,1.0,1,9,73.17,30.07,4.99,202.88
cvZr5TUy5C5,val,True,0,1,0,0.0,0.0,0.0,3,1.0,1,19,207.12,7.36,4.04,546.46
bzCsHPLDztK,val,True,1,0,0,0.0,0.0,0.0,2,2.0,1,8,66.17,8.92,4.71,230.64
yZME6UR9dUN,val,True,0,0,0,0.0,0.0,0.0,3,2.0,1,15,170.72,10.84,3.91,323.08
HY1NcmCgn3n,val,True,0,0,0,0.0,0.0,0.0,1,2.0,4,4,185.99,6.27,2.48,339.54
auFeVz9Go4m,val,False,0,0,0,0.0,0.0,2.0,2,2.0,1,12,186.03,25.65,1.76,288.08
5hGmubEE6ZF,val,False,0,0,0,0.0,0.0,2.0,1,2.0,1,6,71.49,13.36,1.82,111.31
LEFTm3JecaC,val,False,0,0,0,0.0,0.0,2.0,2,2.0,1,14,125.98,21.09,2.79,187.4
8CRYizAb6yd,val,False,0,1,0,0.0,0.0,2.0,1,2.0,1,8,65.8,18.81,2.02,109.45
58NLZxWBSpk,val,False,0,0,0,0.0,0.0,2.0,3,2.0,1,7,86.57,5.93,3.13,132.12
